cmn_code,country_sub_continent_code,,
AF,34,update cmn_region set sub_continent_id=34 where id='AF';,"('AF',"
AL,39,update cmn_region set sub_continent_id=39 where id='AL';,"('AF','AL',"
DZ,15,update cmn_region set sub_continent_id=15 where id='DZ';,"('AF','AL','DZ',"
AO,17,update cmn_region set sub_continent_id=17 where id='AO';,"('AF','AL','DZ','AO',"
AR,5,update cmn_region set sub_continent_id=5 where id='AR';,"('AF','AL','DZ','AO','AR',"
AM,145,update cmn_region set sub_continent_id=145 where id='AM';,"('AF','AL','DZ','AO','AR','AM',"
AU,53,update cmn_region set sub_continent_id=53 where id='AU';,"('AF','AL','DZ','AO','AR','AM','AU',"
AT,155,update cmn_region set sub_continent_id=155 where id='AT';,"('AF','AL','DZ','AO','AR','AM','AU','AT',"
AZ,145,update cmn_region set sub_continent_id=145 where id='AZ';,"('AF','AL','DZ','AO','AR','AM','AU','AT','AZ',"
BH,145,update cmn_region set sub_continent_id=145 where id='BH';,"('AF','AL','DZ','AO','AR','AM','AU','AT','AZ','BH',"
BD,34,update cmn_region set sub_continent_id=34 where id='BD';,"('AF','AL','DZ','AO','AR','AM','AU','AT','AZ','BH','BD',"
BY,151,update cmn_region set sub_continent_id=151 where id='BY';,"('AF','AL','DZ','AO','AR','AM','AU','AT','AZ','BH','BD','BY',"
BE,155,update cmn_region set sub_continent_id=155 where id='BE';,"('AF','AL','DZ','AO','AR','AM','AU','AT','AZ','BH','BD','BY','BE',"
BJ,11,update cmn_region set sub_continent_id=11 where id='BJ';,"('AF','AL','DZ','AO','AR','AM','AU','AT','AZ','BH','BD','BY','BE','BJ',"
BT,34,update cmn_region set sub_continent_id=34 where id='BT';,"('AF','AL','DZ','AO','AR','AM','AU','AT','AZ','BH','BD','BY','BE','BJ','BT',"
BO,5,update cmn_region set sub_continent_id=5 where id='BO';,"('AF','AL','DZ','AO','AR','AM','AU','AT','AZ','BH','BD','BY','BE','BJ','BT','BO',"
BA,39,update cmn_region set sub_continent_id=39 where id='BA';,"('AF','AL','DZ','AO','AR','AM','AU','AT','AZ','BH','BD','BY','BE','BJ','BT','BO','BA',"
BW,18,update cmn_region set sub_continent_id=18 where id='BW';,"('AF','AL','DZ','AO','AR','AM','AU','AT','AZ','BH','BD','BY','BE','BJ','BT','BO','BA','BW',"
BR,5,update cmn_region set sub_continent_id=5 where id='BR';,"('AF','AL','DZ','AO','AR','AM','AU','AT','AZ','BH','BD','BY','BE','BJ','BT','BO','BA','BW','BR',"
BG,151,update cmn_region set sub_continent_id=151 where id='BG';,"('AF','AL','DZ','AO','AR','AM','AU','AT','AZ','BH','BD','BY','BE','BJ','BT','BO','BA','BW','BR','BG',"
BF,11,update cmn_region set sub_continent_id=11 where id='BF';,"('AF','AL','DZ','AO','AR','AM','AU','AT','AZ','BH','BD','BY','BE','BJ','BT','BO','BA','BW','BR','BG','BF',"
BI,14,update cmn_region set sub_continent_id=14 where id='BI';,"('AF','AL','DZ','AO','AR','AM','AU','AT','AZ','BH','BD','BY','BE','BJ','BT','BO','BA','BW','BR','BG','BF','BI',"
KH,35,update cmn_region set sub_continent_id=35 where id='KH';,"('AF','AL','DZ','AO','AR','AM','AU','AT','AZ','BH','BD','BY','BE','BJ','BT','BO','BA','BW','BR','BG','BF','BI','KH',"
CM,17,update cmn_region set sub_continent_id=17 where id='CM';,"('AF','AL','DZ','AO','AR','AM','AU','AT','AZ','BH','BD','BY','BE','BJ','BT','BO','BA','BW','BR','BG','BF','BI','KH','CM',"
CA,21,update cmn_region set sub_continent_id=21 where id='CA';,"('AF','AL','DZ','AO','AR','AM','AU','AT','AZ','BH','BD','BY','BE','BJ','BT','BO','BA','BW','BR','BG','BF','BI','KH','CM','CA',"
CV,11,update cmn_region set sub_continent_id=11 where id='CV';,"('AF','AL','DZ','AO','AR','AM','AU','AT','AZ','BH','BD','BY','BE','BJ','BT','BO','BA','BW','BR','BG','BF','BI','KH','CM','CA','CV',"
CF,17,update cmn_region set sub_continent_id=17 where id='CF';,"('AF','AL','DZ','AO','AR','AM','AU','AT','AZ','BH','BD','BY','BE','BJ','BT','BO','BA','BW','BR','BG','BF','BI','KH','CM','CA','CV','CF',"
TD,17,update cmn_region set sub_continent_id=17 where id='TD';,"('AF','AL','DZ','AO','AR','AM','AU','AT','AZ','BH','BD','BY','BE','BJ','BT','BO','BA','BW','BR','BG','BF','BI','KH','CM','CA','CV','CF','TD',"
CL,5,update cmn_region set sub_continent_id=5 where id='CL';,"('AF','AL','DZ','AO','AR','AM','AU','AT','AZ','BH','BD','BY','BE','BJ','BT','BO','BA','BW','BR','BG','BF','BI','KH','CM','CA','CV','CF','TD','CL',"
CN,30,update cmn_region set sub_continent_id=30 where id='CN';,"('AF','AL','DZ','AO','AR','AM','AU','AT','AZ','BH','BD','BY','BE','BJ','BT','BO','BA','BW','BR','BG','BF','BI','KH','CM','CA','CV','CF','TD','CL','CN',"
CO,5,update cmn_region set sub_continent_id=5 where id='CO';,"('AF','AL','DZ','AO','AR','AM','AU','AT','AZ','BH','BD','BY','BE','BJ','BT','BO','BA','BW','BR','BG','BF','BI','KH','CM','CA','CV','CF','TD','CL','CN','CO',"
KM,14,update cmn_region set sub_continent_id=14 where id='KM';,"('AF','AL','DZ','AO','AR','AM','AU','AT','AZ','BH','BD','BY','BE','BJ','BT','BO','BA','BW','BR','BG','BF','BI','KH','CM','CA','CV','CF','TD','CL','CN','CO','KM',"
CG,17,update cmn_region set sub_continent_id=17 where id='CG';,"('AF','AL','DZ','AO','AR','AM','AU','AT','AZ','BH','BD','BY','BE','BJ','BT','BO','BA','BW','BR','BG','BF','BI','KH','CM','CA','CV','CF','TD','CL','CN','CO','KM','CG',"
CD,17,update cmn_region set sub_continent_id=17 where id='CD';,"('AF','AL','DZ','AO','AR','AM','AU','AT','AZ','BH','BD','BY','BE','BJ','BT','BO','BA','BW','BR','BG','BF','BI','KH','CM','CA','CV','CF','TD','CL','CN','CO','KM','CG','CD',"
CR,13,update cmn_region set sub_continent_id=13 where id='CR';,"('AF','AL','DZ','AO','AR','AM','AU','AT','AZ','BH','BD','BY','BE','BJ','BT','BO','BA','BW','BR','BG','BF','BI','KH','CM','CA','CV','CF','TD','CL','CN','CO','KM','CG','CD','CR',"
CI,11,update cmn_region set sub_continent_id=11 where id='CI';,"('AF','AL','DZ','AO','AR','AM','AU','AT','AZ','BH','BD','BY','BE','BJ','BT','BO','BA','BW','BR','BG','BF','BI','KH','CM','CA','CV','CF','TD','CL','CN','CO','KM','CG','CD','CR','CI',"
HR,39,update cmn_region set sub_continent_id=39 where id='HR';,"('AF','AL','DZ','AO','AR','AM','AU','AT','AZ','BH','BD','BY','BE','BJ','BT','BO','BA','BW','BR','BG','BF','BI','KH','CM','CA','CV','CF','TD','CL','CN','CO','KM','CG','CD','CR','CI','HR',"
CY,145,update cmn_region set sub_continent_id=145 where id='CY';,"('AF','AL','DZ','AO','AR','AM','AU','AT','AZ','BH','BD','BY','BE','BJ','BT','BO','BA','BW','BR','BG','BF','BI','KH','CM','CA','CV','CF','TD','CL','CN','CO','KM','CG','CD','CR','CI','HR','CY',"
CZ,151,update cmn_region set sub_continent_id=151 where id='CZ';,"('AF','AL','DZ','AO','AR','AM','AU','AT','AZ','BH','BD','BY','BE','BJ','BT','BO','BA','BW','BR','BG','BF','BI','KH','CM','CA','CV','CF','TD','CL','CN','CO','KM','CG','CD','CR','CI','HR','CY','CZ',"
DK,154,update cmn_region set sub_continent_id=154 where id='DK';,"('AF','AL','DZ','AO','AR','AM','AU','AT','AZ','BH','BD','BY','BE','BJ','BT','BO','BA','BW','BR','BG','BF','BI','KH','CM','CA','CV','CF','TD','CL','CN','CO','KM','CG','CD','CR','CI','HR','CY','CZ','DK',"
DJ,14,update cmn_region set sub_continent_id=14 where id='DJ';,"('AF','AL','DZ','AO','AR','AM','AU','AT','AZ','BH','BD','BY','BE','BJ','BT','BO','BA','BW','BR','BG','BF','BI','KH','CM','CA','CV','CF','TD','CL','CN','CO','KM','CG','CD','CR','CI','HR','CY','CZ','DK','DJ',"
DO,29,update cmn_region set sub_continent_id=29 where id='DO';,"('AF','AL','DZ','AO','AR','AM','AU','AT','AZ','BH','BD','BY','BE','BJ','BT','BO','BA','BW','BR','BG','BF','BI','KH','CM','CA','CV','CF','TD','CL','CN','CO','KM','CG','CD','CR','CI','HR','CY','CZ','DK','DJ','DO',"
EC,5,update cmn_region set sub_continent_id=5 where id='EC';,"('AF','AL','DZ','AO','AR','AM','AU','AT','AZ','BH','BD','BY','BE','BJ','BT','BO','BA','BW','BR','BG','BF','BI','KH','CM','CA','CV','CF','TD','CL','CN','CO','KM','CG','CD','CR','CI','HR','CY','CZ','DK','DJ','DO','EC',"
EG,15,update cmn_region set sub_continent_id=15 where id='EG';,"('AF','AL','DZ','AO','AR','AM','AU','AT','AZ','BH','BD','BY','BE','BJ','BT','BO','BA','BW','BR','BG','BF','BI','KH','CM','CA','CV','CF','TD','CL','CN','CO','KM','CG','CD','CR','CI','HR','CY','CZ','DK','DJ','DO','EC','EG',"
SV,13,update cmn_region set sub_continent_id=13 where id='SV';,"('AF','AL','DZ','AO','AR','AM','AU','AT','AZ','BH','BD','BY','BE','BJ','BT','BO','BA','BW','BR','BG','BF','BI','KH','CM','CA','CV','CF','TD','CL','CN','CO','KM','CG','CD','CR','CI','HR','CY','CZ','DK','DJ','DO','EC','EG','SV',"
GQ,17,update cmn_region set sub_continent_id=17 where id='GQ';,"('AF','AL','DZ','AO','AR','AM','AU','AT','AZ','BH','BD','BY','BE','BJ','BT','BO','BA','BW','BR','BG','BF','BI','KH','CM','CA','CV','CF','TD','CL','CN','CO','KM','CG','CD','CR','CI','HR','CY','CZ','DK','DJ','DO','EC','EG','SV','GQ',"
EE,154,update cmn_region set sub_continent_id=154 where id='EE';,"('AF','AL','DZ','AO','AR','AM','AU','AT','AZ','BH','BD','BY','BE','BJ','BT','BO','BA','BW','BR','BG','BF','BI','KH','CM','CA','CV','CF','TD','CL','CN','CO','KM','CG','CD','CR','CI','HR','CY','CZ','DK','DJ','DO','EC','EG','SV','GQ','EE',"
ET,14,update cmn_region set sub_continent_id=14 where id='ET';,"('AF','AL','DZ','AO','AR','AM','AU','AT','AZ','BH','BD','BY','BE','BJ','BT','BO','BA','BW','BR','BG','BF','BI','KH','CM','CA','CV','CF','TD','CL','CN','CO','KM','CG','CD','CR','CI','HR','CY','CZ','DK','DJ','DO','EC','EG','SV','GQ','EE','ET',"
FI,154,update cmn_region set sub_continent_id=154 where id='FI';,"('AF','AL','DZ','AO','AR','AM','AU','AT','AZ','BH','BD','BY','BE','BJ','BT','BO','BA','BW','BR','BG','BF','BI','KH','CM','CA','CV','CF','TD','CL','CN','CO','KM','CG','CD','CR','CI','HR','CY','CZ','DK','DJ','DO','EC','EG','SV','GQ','EE','ET','FI',"
FR,155,update cmn_region set sub_continent_id=155 where id='FR';,"('AF','AL','DZ','AO','AR','AM','AU','AT','AZ','BH','BD','BY','BE','BJ','BT','BO','BA','BW','BR','BG','BF','BI','KH','CM','CA','CV','CF','TD','CL','CN','CO','KM','CG','CD','CR','CI','HR','CY','CZ','DK','DJ','DO','EC','EG','SV','GQ','EE','ET','FI','FR',"
GA,17,update cmn_region set sub_continent_id=17 where id='GA';,"('AF','AL','DZ','AO','AR','AM','AU','AT','AZ','BH','BD','BY','BE','BJ','BT','BO','BA','BW','BR','BG','BF','BI','KH','CM','CA','CV','CF','TD','CL','CN','CO','KM','CG','CD','CR','CI','HR','CY','CZ','DK','DJ','DO','EC','EG','SV','GQ','EE','ET','FI','FR','GA',"
GM,11,update cmn_region set sub_continent_id=11 where id='GM';,"('AF','AL','DZ','AO','AR','AM','AU','AT','AZ','BH','BD','BY','BE','BJ','BT','BO','BA','BW','BR','BG','BF','BI','KH','CM','CA','CV','CF','TD','CL','CN','CO','KM','CG','CD','CR','CI','HR','CY','CZ','DK','DJ','DO','EC','EG','SV','GQ','EE','ET','FI','FR','GA','GM',"
GE,145,update cmn_region set sub_continent_id=145 where id='GE';,"('AF','AL','DZ','AO','AR','AM','AU','AT','AZ','BH','BD','BY','BE','BJ','BT','BO','BA','BW','BR','BG','BF','BI','KH','CM','CA','CV','CF','TD','CL','CN','CO','KM','CG','CD','CR','CI','HR','CY','CZ','DK','DJ','DO','EC','EG','SV','GQ','EE','ET','FI','FR','GA','GM','GE',"
DE,155,update cmn_region set sub_continent_id=155 where id='DE';,"('AF','AL','DZ','AO','AR','AM','AU','AT','AZ','BH','BD','BY','BE','BJ','BT','BO','BA','BW','BR','BG','BF','BI','KH','CM','CA','CV','CF','TD','CL','CN','CO','KM','CG','CD','CR','CI','HR','CY','CZ','DK','DJ','DO','EC','EG','SV','GQ','EE','ET','FI','FR','GA','GM','GE','DE',"
GH,11,update cmn_region set sub_continent_id=11 where id='GH';,"('AF','AL','DZ','AO','AR','AM','AU','AT','AZ','BH','BD','BY','BE','BJ','BT','BO','BA','BW','BR','BG','BF','BI','KH','CM','CA','CV','CF','TD','CL','CN','CO','KM','CG','CD','CR','CI','HR','CY','CZ','DK','DJ','DO','EC','EG','SV','GQ','EE','ET','FI','FR','GA','GM','GE','DE','GH',"
GR,39,update cmn_region set sub_continent_id=39 where id='GR';,"('AF','AL','DZ','AO','AR','AM','AU','AT','AZ','BH','BD','BY','BE','BJ','BT','BO','BA','BW','BR','BG','BF','BI','KH','CM','CA','CV','CF','TD','CL','CN','CO','KM','CG','CD','CR','CI','HR','CY','CZ','DK','DJ','DO','EC','EG','SV','GQ','EE','ET','FI','FR','GA','GM','GE','DE','GH','GR',"
GT,13,update cmn_region set sub_continent_id=13 where id='GT';,"('AF','AL','DZ','AO','AR','AM','AU','AT','AZ','BH','BD','BY','BE','BJ','BT','BO','BA','BW','BR','BG','BF','BI','KH','CM','CA','CV','CF','TD','CL','CN','CO','KM','CG','CD','CR','CI','HR','CY','CZ','DK','DJ','DO','EC','EG','SV','GQ','EE','ET','FI','FR','GA','GM','GE','DE','GH','GR','GT',"
GN,11,update cmn_region set sub_continent_id=11 where id='GN';,"('AF','AL','DZ','AO','AR','AM','AU','AT','AZ','BH','BD','BY','BE','BJ','BT','BO','BA','BW','BR','BG','BF','BI','KH','CM','CA','CV','CF','TD','CL','CN','CO','KM','CG','CD','CR','CI','HR','CY','CZ','DK','DJ','DO','EC','EG','SV','GQ','EE','ET','FI','FR','GA','GM','GE','DE','GH','GR','GT','GN',"
GW,11,update cmn_region set sub_continent_id=11 where id='GW';,"('AF','AL','DZ','AO','AR','AM','AU','AT','AZ','BH','BD','BY','BE','BJ','BT','BO','BA','BW','BR','BG','BF','BI','KH','CM','CA','CV','CF','TD','CL','CN','CO','KM','CG','CD','CR','CI','HR','CY','CZ','DK','DJ','DO','EC','EG','SV','GQ','EE','ET','FI','FR','GA','GM','GE','DE','GH','GR','GT','GN','GW',"
GY,5,update cmn_region set sub_continent_id=5 where id='GY';,"('AF','AL','DZ','AO','AR','AM','AU','AT','AZ','BH','BD','BY','BE','BJ','BT','BO','BA','BW','BR','BG','BF','BI','KH','CM','CA','CV','CF','TD','CL','CN','CO','KM','CG','CD','CR','CI','HR','CY','CZ','DK','DJ','DO','EC','EG','SV','GQ','EE','ET','FI','FR','GA','GM','GE','DE','GH','GR','GT','GN','GW','GY',"
HT,29,update cmn_region set sub_continent_id=29 where id='HT';,"('AF','AL','DZ','AO','AR','AM','AU','AT','AZ','BH','BD','BY','BE','BJ','BT','BO','BA','BW','BR','BG','BF','BI','KH','CM','CA','CV','CF','TD','CL','CN','CO','KM','CG','CD','CR','CI','HR','CY','CZ','DK','DJ','DO','EC','EG','SV','GQ','EE','ET','FI','FR','GA','GM','GE','DE','GH','GR','GT','GN','GW','GY','HT',"
HN,13,update cmn_region set sub_continent_id=13 where id='HN';,"('AF','AL','DZ','AO','AR','AM','AU','AT','AZ','BH','BD','BY','BE','BJ','BT','BO','BA','BW','BR','BG','BF','BI','KH','CM','CA','CV','CF','TD','CL','CN','CO','KM','CG','CD','CR','CI','HR','CY','CZ','DK','DJ','DO','EC','EG','SV','GQ','EE','ET','FI','FR','GA','GM','GE','DE','GH','GR','GT','GN','GW','GY','HT','HN',"
HK,30,update cmn_region set sub_continent_id=30 where id='HK';,"('AF','AL','DZ','AO','AR','AM','AU','AT','AZ','BH','BD','BY','BE','BJ','BT','BO','BA','BW','BR','BG','BF','BI','KH','CM','CA','CV','CF','TD','CL','CN','CO','KM','CG','CD','CR','CI','HR','CY','CZ','DK','DJ','DO','EC','EG','SV','GQ','EE','ET','FI','FR','GA','GM','GE','DE','GH','GR','GT','GN','GW','GY','HT','HN','HK',"
HU,151,update cmn_region set sub_continent_id=151 where id='HU';,"('AF','AL','DZ','AO','AR','AM','AU','AT','AZ','BH','BD','BY','BE','BJ','BT','BO','BA','BW','BR','BG','BF','BI','KH','CM','CA','CV','CF','TD','CL','CN','CO','KM','CG','CD','CR','CI','HR','CY','CZ','DK','DJ','DO','EC','EG','SV','GQ','EE','ET','FI','FR','GA','GM','GE','DE','GH','GR','GT','GN','GW','GY','HT','HN','HK','HU',"
IS,154,update cmn_region set sub_continent_id=154 where id='IS';,"('AF','AL','DZ','AO','AR','AM','AU','AT','AZ','BH','BD','BY','BE','BJ','BT','BO','BA','BW','BR','BG','BF','BI','KH','CM','CA','CV','CF','TD','CL','CN','CO','KM','CG','CD','CR','CI','HR','CY','CZ','DK','DJ','DO','EC','EG','SV','GQ','EE','ET','FI','FR','GA','GM','GE','DE','GH','GR','GT','GN','GW','GY','HT','HN','HK','HU','IS',"
IN,34,update cmn_region set sub_continent_id=34 where id='IN';,"('AF','AL','DZ','AO','AR','AM','AU','AT','AZ','BH','BD','BY','BE','BJ','BT','BO','BA','BW','BR','BG','BF','BI','KH','CM','CA','CV','CF','TD','CL','CN','CO','KM','CG','CD','CR','CI','HR','CY','CZ','DK','DJ','DO','EC','EG','SV','GQ','EE','ET','FI','FR','GA','GM','GE','DE','GH','GR','GT','GN','GW','GY','HT','HN','HK','HU','IS','IN',"
ID,35,update cmn_region set sub_continent_id=35 where id='ID';,"('AF','AL','DZ','AO','AR','AM','AU','AT','AZ','BH','BD','BY','BE','BJ','BT','BO','BA','BW','BR','BG','BF','BI','KH','CM','CA','CV','CF','TD','CL','CN','CO','KM','CG','CD','CR','CI','HR','CY','CZ','DK','DJ','DO','EC','EG','SV','GQ','EE','ET','FI','FR','GA','GM','GE','DE','GH','GR','GT','GN','GW','GY','HT','HN','HK','HU','IS','IN','ID',"
IR,34,update cmn_region set sub_continent_id=34 where id='IR';,"('AF','AL','DZ','AO','AR','AM','AU','AT','AZ','BH','BD','BY','BE','BJ','BT','BO','BA','BW','BR','BG','BF','BI','KH','CM','CA','CV','CF','TD','CL','CN','CO','KM','CG','CD','CR','CI','HR','CY','CZ','DK','DJ','DO','EC','EG','SV','GQ','EE','ET','FI','FR','GA','GM','GE','DE','GH','GR','GT','GN','GW','GY','HT','HN','HK','HU','IS','IN','ID','IR',"
IQ,145,update cmn_region set sub_continent_id=145 where id='IQ';,"('AF','AL','DZ','AO','AR','AM','AU','AT','AZ','BH','BD','BY','BE','BJ','BT','BO','BA','BW','BR','BG','BF','BI','KH','CM','CA','CV','CF','TD','CL','CN','CO','KM','CG','CD','CR','CI','HR','CY','CZ','DK','DJ','DO','EC','EG','SV','GQ','EE','ET','FI','FR','GA','GM','GE','DE','GH','GR','GT','GN','GW','GY','HT','HN','HK','HU','IS','IN','ID','IR','IQ',"
IE,154,update cmn_region set sub_continent_id=154 where id='IE';,"('AF','AL','DZ','AO','AR','AM','AU','AT','AZ','BH','BD','BY','BE','BJ','BT','BO','BA','BW','BR','BG','BF','BI','KH','CM','CA','CV','CF','TD','CL','CN','CO','KM','CG','CD','CR','CI','HR','CY','CZ','DK','DJ','DO','EC','EG','SV','GQ','EE','ET','FI','FR','GA','GM','GE','DE','GH','GR','GT','GN','GW','GY','HT','HN','HK','HU','IS','IN','ID','IR','IQ','IE',"
IL,145,update cmn_region set sub_continent_id=145 where id='IL';,"('AF','AL','DZ','AO','AR','AM','AU','AT','AZ','BH','BD','BY','BE','BJ','BT','BO','BA','BW','BR','BG','BF','BI','KH','CM','CA','CV','CF','TD','CL','CN','CO','KM','CG','CD','CR','CI','HR','CY','CZ','DK','DJ','DO','EC','EG','SV','GQ','EE','ET','FI','FR','GA','GM','GE','DE','GH','GR','GT','GN','GW','GY','HT','HN','HK','HU','IS','IN','ID','IR','IQ','IE','IL',"
IT,39,update cmn_region set sub_continent_id=39 where id='IT';,"('AF','AL','DZ','AO','AR','AM','AU','AT','AZ','BH','BD','BY','BE','BJ','BT','BO','BA','BW','BR','BG','BF','BI','KH','CM','CA','CV','CF','TD','CL','CN','CO','KM','CG','CD','CR','CI','HR','CY','CZ','DK','DJ','DO','EC','EG','SV','GQ','EE','ET','FI','FR','GA','GM','GE','DE','GH','GR','GT','GN','GW','GY','HT','HN','HK','HU','IS','IN','ID','IR','IQ','IE','IL','IT',"
JM,29,update cmn_region set sub_continent_id=29 where id='JM';,"('AF','AL','DZ','AO','AR','AM','AU','AT','AZ','BH','BD','BY','BE','BJ','BT','BO','BA','BW','BR','BG','BF','BI','KH','CM','CA','CV','CF','TD','CL','CN','CO','KM','CG','CD','CR','CI','HR','CY','CZ','DK','DJ','DO','EC','EG','SV','GQ','EE','ET','FI','FR','GA','GM','GE','DE','GH','GR','GT','GN','GW','GY','HT','HN','HK','HU','IS','IN','ID','IR','IQ','IE','IL','IT','JM',"
JP,30,update cmn_region set sub_continent_id=30 where id='JP';,"('AF','AL','DZ','AO','AR','AM','AU','AT','AZ','BH','BD','BY','BE','BJ','BT','BO','BA','BW','BR','BG','BF','BI','KH','CM','CA','CV','CF','TD','CL','CN','CO','KM','CG','CD','CR','CI','HR','CY','CZ','DK','DJ','DO','EC','EG','SV','GQ','EE','ET','FI','FR','GA','GM','GE','DE','GH','GR','GT','GN','GW','GY','HT','HN','HK','HU','IS','IN','ID','IR','IQ','IE','IL','IT','JM','JP',"
JO,145,update cmn_region set sub_continent_id=145 where id='JO';,"('AF','AL','DZ','AO','AR','AM','AU','AT','AZ','BH','BD','BY','BE','BJ','BT','BO','BA','BW','BR','BG','BF','BI','KH','CM','CA','CV','CF','TD','CL','CN','CO','KM','CG','CD','CR','CI','HR','CY','CZ','DK','DJ','DO','EC','EG','SV','GQ','EE','ET','FI','FR','GA','GM','GE','DE','GH','GR','GT','GN','GW','GY','HT','HN','HK','HU','IS','IN','ID','IR','IQ','IE','IL','IT','JM','JP','JO',"
KZ,143,update cmn_region set sub_continent_id=143 where id='KZ';,"('AF','AL','DZ','AO','AR','AM','AU','AT','AZ','BH','BD','BY','BE','BJ','BT','BO','BA','BW','BR','BG','BF','BI','KH','CM','CA','CV','CF','TD','CL','CN','CO','KM','CG','CD','CR','CI','HR','CY','CZ','DK','DJ','DO','EC','EG','SV','GQ','EE','ET','FI','FR','GA','GM','GE','DE','GH','GR','GT','GN','GW','GY','HT','HN','HK','HU','IS','IN','ID','IR','IQ','IE','IL','IT','JM','JP','JO','KZ',"
KE,14,update cmn_region set sub_continent_id=14 where id='KE';,"('AF','AL','DZ','AO','AR','AM','AU','AT','AZ','BH','BD','BY','BE','BJ','BT','BO','BA','BW','BR','BG','BF','BI','KH','CM','CA','CV','CF','TD','CL','CN','CO','KM','CG','CD','CR','CI','HR','CY','CZ','DK','DJ','DO','EC','EG','SV','GQ','EE','ET','FI','FR','GA','GM','GE','DE','GH','GR','GT','GN','GW','GY','HT','HN','HK','HU','IS','IN','ID','IR','IQ','IE','IL','IT','JM','JP','JO','KZ','KE',"
KR,30,update cmn_region set sub_continent_id=30 where id='KR';,"('AF','AL','DZ','AO','AR','AM','AU','AT','AZ','BH','BD','BY','BE','BJ','BT','BO','BA','BW','BR','BG','BF','BI','KH','CM','CA','CV','CF','TD','CL','CN','CO','KM','CG','CD','CR','CI','HR','CY','CZ','DK','DJ','DO','EC','EG','SV','GQ','EE','ET','FI','FR','GA','GM','GE','DE','GH','GR','GT','GN','GW','GY','HT','HN','HK','HU','IS','IN','ID','IR','IQ','IE','IL','IT','JM','JP','JO','KZ','KE','KR',"
XK,151,update cmn_region set sub_continent_id=151 where id='XK';,"('AF','AL','DZ','AO','AR','AM','AU','AT','AZ','BH','BD','BY','BE','BJ','BT','BO','BA','BW','BR','BG','BF','BI','KH','CM','CA','CV','CF','TD','CL','CN','CO','KM','CG','CD','CR','CI','HR','CY','CZ','DK','DJ','DO','EC','EG','SV','GQ','EE','ET','FI','FR','GA','GM','GE','DE','GH','GR','GT','GN','GW','GY','HT','HN','HK','HU','IS','IN','ID','IR','IQ','IE','IL','IT','JM','JP','JO','KZ','KE','KR','XK',"
KW,145,update cmn_region set sub_continent_id=145 where id='KW';,"('AF','AL','DZ','AO','AR','AM','AU','AT','AZ','BH','BD','BY','BE','BJ','BT','BO','BA','BW','BR','BG','BF','BI','KH','CM','CA','CV','CF','TD','CL','CN','CO','KM','CG','CD','CR','CI','HR','CY','CZ','DK','DJ','DO','EC','EG','SV','GQ','EE','ET','FI','FR','GA','GM','GE','DE','GH','GR','GT','GN','GW','GY','HT','HN','HK','HU','IS','IN','ID','IR','IQ','IE','IL','IT','JM','JP','JO','KZ','KE','KR','XK','KW',"
KG,143,update cmn_region set sub_continent_id=143 where id='KG';,"('AF','AL','DZ','AO','AR','AM','AU','AT','AZ','BH','BD','BY','BE','BJ','BT','BO','BA','BW','BR','BG','BF','BI','KH','CM','CA','CV','CF','TD','CL','CN','CO','KM','CG','CD','CR','CI','HR','CY','CZ','DK','DJ','DO','EC','EG','SV','GQ','EE','ET','FI','FR','GA','GM','GE','DE','GH','GR','GT','GN','GW','GY','HT','HN','HK','HU','IS','IN','ID','IR','IQ','IE','IL','IT','JM','JP','JO','KZ','KE','KR','XK','KW','KG',"
LA,35,update cmn_region set sub_continent_id=35 where id='LA';,"('AF','AL','DZ','AO','AR','AM','AU','AT','AZ','BH','BD','BY','BE','BJ','BT','BO','BA','BW','BR','BG','BF','BI','KH','CM','CA','CV','CF','TD','CL','CN','CO','KM','CG','CD','CR','CI','HR','CY','CZ','DK','DJ','DO','EC','EG','SV','GQ','EE','ET','FI','FR','GA','GM','GE','DE','GH','GR','GT','GN','GW','GY','HT','HN','HK','HU','IS','IN','ID','IR','IQ','IE','IL','IT','JM','JP','JO','KZ','KE','KR','XK','KW','KG','LA',"
LV,154,update cmn_region set sub_continent_id=154 where id='LV';,"('AF','AL','DZ','AO','AR','AM','AU','AT','AZ','BH','BD','BY','BE','BJ','BT','BO','BA','BW','BR','BG','BF','BI','KH','CM','CA','CV','CF','TD','CL','CN','CO','KM','CG','CD','CR','CI','HR','CY','CZ','DK','DJ','DO','EC','EG','SV','GQ','EE','ET','FI','FR','GA','GM','GE','DE','GH','GR','GT','GN','GW','GY','HT','HN','HK','HU','IS','IN','ID','IR','IQ','IE','IL','IT','JM','JP','JO','KZ','KE','KR','XK','KW','KG','LA','LV',"
LB,145,update cmn_region set sub_continent_id=145 where id='LB';,"('AF','AL','DZ','AO','AR','AM','AU','AT','AZ','BH','BD','BY','BE','BJ','BT','BO','BA','BW','BR','BG','BF','BI','KH','CM','CA','CV','CF','TD','CL','CN','CO','KM','CG','CD','CR','CI','HR','CY','CZ','DK','DJ','DO','EC','EG','SV','GQ','EE','ET','FI','FR','GA','GM','GE','DE','GH','GR','GT','GN','GW','GY','HT','HN','HK','HU','IS','IN','ID','IR','IQ','IE','IL','IT','JM','JP','JO','KZ','KE','KR','XK','KW','KG','LA','LV','LB',"
LS,18,update cmn_region set sub_continent_id=18 where id='LS';,"('AF','AL','DZ','AO','AR','AM','AU','AT','AZ','BH','BD','BY','BE','BJ','BT','BO','BA','BW','BR','BG','BF','BI','KH','CM','CA','CV','CF','TD','CL','CN','CO','KM','CG','CD','CR','CI','HR','CY','CZ','DK','DJ','DO','EC','EG','SV','GQ','EE','ET','FI','FR','GA','GM','GE','DE','GH','GR','GT','GN','GW','GY','HT','HN','HK','HU','IS','IN','ID','IR','IQ','IE','IL','IT','JM','JP','JO','KZ','KE','KR','XK','KW','KG','LA','LV','LB','LS',"
LR,11,update cmn_region set sub_continent_id=11 where id='LR';,"('AF','AL','DZ','AO','AR','AM','AU','AT','AZ','BH','BD','BY','BE','BJ','BT','BO','BA','BW','BR','BG','BF','BI','KH','CM','CA','CV','CF','TD','CL','CN','CO','KM','CG','CD','CR','CI','HR','CY','CZ','DK','DJ','DO','EC','EG','SV','GQ','EE','ET','FI','FR','GA','GM','GE','DE','GH','GR','GT','GN','GW','GY','HT','HN','HK','HU','IS','IN','ID','IR','IQ','IE','IL','IT','JM','JP','JO','KZ','KE','KR','XK','KW','KG','LA','LV','LB','LS','LR',"
LY,15,update cmn_region set sub_continent_id=15 where id='LY';,"('AF','AL','DZ','AO','AR','AM','AU','AT','AZ','BH','BD','BY','BE','BJ','BT','BO','BA','BW','BR','BG','BF','BI','KH','CM','CA','CV','CF','TD','CL','CN','CO','KM','CG','CD','CR','CI','HR','CY','CZ','DK','DJ','DO','EC','EG','SV','GQ','EE','ET','FI','FR','GA','GM','GE','DE','GH','GR','GT','GN','GW','GY','HT','HN','HK','HU','IS','IN','ID','IR','IQ','IE','IL','IT','JM','JP','JO','KZ','KE','KR','XK','KW','KG','LA','LV','LB','LS','LR','LY',"
LT,154,update cmn_region set sub_continent_id=154 where id='LT';,"('AF','AL','DZ','AO','AR','AM','AU','AT','AZ','BH','BD','BY','BE','BJ','BT','BO','BA','BW','BR','BG','BF','BI','KH','CM','CA','CV','CF','TD','CL','CN','CO','KM','CG','CD','CR','CI','HR','CY','CZ','DK','DJ','DO','EC','EG','SV','GQ','EE','ET','FI','FR','GA','GM','GE','DE','GH','GR','GT','GN','GW','GY','HT','HN','HK','HU','IS','IN','ID','IR','IQ','IE','IL','IT','JM','JP','JO','KZ','KE','KR','XK','KW','KG','LA','LV','LB','LS','LR','LY','LT',"
LU,155,update cmn_region set sub_continent_id=155 where id='LU';,"('AF','AL','DZ','AO','AR','AM','AU','AT','AZ','BH','BD','BY','BE','BJ','BT','BO','BA','BW','BR','BG','BF','BI','KH','CM','CA','CV','CF','TD','CL','CN','CO','KM','CG','CD','CR','CI','HR','CY','CZ','DK','DJ','DO','EC','EG','SV','GQ','EE','ET','FI','FR','GA','GM','GE','DE','GH','GR','GT','GN','GW','GY','HT','HN','HK','HU','IS','IN','ID','IR','IQ','IE','IL','IT','JM','JP','JO','KZ','KE','KR','XK','KW','KG','LA','LV','LB','LS','LR','LY','LT','LU',"
MK,39,update cmn_region set sub_continent_id=39 where id='MK';,"('AF','AL','DZ','AO','AR','AM','AU','AT','AZ','BH','BD','BY','BE','BJ','BT','BO','BA','BW','BR','BG','BF','BI','KH','CM','CA','CV','CF','TD','CL','CN','CO','KM','CG','CD','CR','CI','HR','CY','CZ','DK','DJ','DO','EC','EG','SV','GQ','EE','ET','FI','FR','GA','GM','GE','DE','GH','GR','GT','GN','GW','GY','HT','HN','HK','HU','IS','IN','ID','IR','IQ','IE','IL','IT','JM','JP','JO','KZ','KE','KR','XK','KW','KG','LA','LV','LB','LS','LR','LY','LT','LU','MK',"
MG,14,update cmn_region set sub_continent_id=14 where id='MG';,"('AF','AL','DZ','AO','AR','AM','AU','AT','AZ','BH','BD','BY','BE','BJ','BT','BO','BA','BW','BR','BG','BF','BI','KH','CM','CA','CV','CF','TD','CL','CN','CO','KM','CG','CD','CR','CI','HR','CY','CZ','DK','DJ','DO','EC','EG','SV','GQ','EE','ET','FI','FR','GA','GM','GE','DE','GH','GR','GT','GN','GW','GY','HT','HN','HK','HU','IS','IN','ID','IR','IQ','IE','IL','IT','JM','JP','JO','KZ','KE','KR','XK','KW','KG','LA','LV','LB','LS','LR','LY','LT','LU','MK','MG',"
MW,14,update cmn_region set sub_continent_id=14 where id='MW';,"('AF','AL','DZ','AO','AR','AM','AU','AT','AZ','BH','BD','BY','BE','BJ','BT','BO','BA','BW','BR','BG','BF','BI','KH','CM','CA','CV','CF','TD','CL','CN','CO','KM','CG','CD','CR','CI','HR','CY','CZ','DK','DJ','DO','EC','EG','SV','GQ','EE','ET','FI','FR','GA','GM','GE','DE','GH','GR','GT','GN','GW','GY','HT','HN','HK','HU','IS','IN','ID','IR','IQ','IE','IL','IT','JM','JP','JO','KZ','KE','KR','XK','KW','KG','LA','LV','LB','LS','LR','LY','LT','LU','MK','MG','MW',"
MY,35,update cmn_region set sub_continent_id=35 where id='MY';,"('AF','AL','DZ','AO','AR','AM','AU','AT','AZ','BH','BD','BY','BE','BJ','BT','BO','BA','BW','BR','BG','BF','BI','KH','CM','CA','CV','CF','TD','CL','CN','CO','KM','CG','CD','CR','CI','HR','CY','CZ','DK','DJ','DO','EC','EG','SV','GQ','EE','ET','FI','FR','GA','GM','GE','DE','GH','GR','GT','GN','GW','GY','HT','HN','HK','HU','IS','IN','ID','IR','IQ','IE','IL','IT','JM','JP','JO','KZ','KE','KR','XK','KW','KG','LA','LV','LB','LS','LR','LY','LT','LU','MK','MG','MW','MY',"
ML,11,update cmn_region set sub_continent_id=11 where id='ML';,"('AF','AL','DZ','AO','AR','AM','AU','AT','AZ','BH','BD','BY','BE','BJ','BT','BO','BA','BW','BR','BG','BF','BI','KH','CM','CA','CV','CF','TD','CL','CN','CO','KM','CG','CD','CR','CI','HR','CY','CZ','DK','DJ','DO','EC','EG','SV','GQ','EE','ET','FI','FR','GA','GM','GE','DE','GH','GR','GT','GN','GW','GY','HT','HN','HK','HU','IS','IN','ID','IR','IQ','IE','IL','IT','JM','JP','JO','KZ','KE','KR','XK','KW','KG','LA','LV','LB','LS','LR','LY','LT','LU','MK','MG','MW','MY','ML',"
MT,39,update cmn_region set sub_continent_id=39 where id='MT';,"('AF','AL','DZ','AO','AR','AM','AU','AT','AZ','BH','BD','BY','BE','BJ','BT','BO','BA','BW','BR','BG','BF','BI','KH','CM','CA','CV','CF','TD','CL','CN','CO','KM','CG','CD','CR','CI','HR','CY','CZ','DK','DJ','DO','EC','EG','SV','GQ','EE','ET','FI','FR','GA','GM','GE','DE','GH','GR','GT','GN','GW','GY','HT','HN','HK','HU','IS','IN','ID','IR','IQ','IE','IL','IT','JM','JP','JO','KZ','KE','KR','XK','KW','KG','LA','LV','LB','LS','LR','LY','LT','LU','MK','MG','MW','MY','ML','MT',"
MR,11,update cmn_region set sub_continent_id=11 where id='MR';,"('AF','AL','DZ','AO','AR','AM','AU','AT','AZ','BH','BD','BY','BE','BJ','BT','BO','BA','BW','BR','BG','BF','BI','KH','CM','CA','CV','CF','TD','CL','CN','CO','KM','CG','CD','CR','CI','HR','CY','CZ','DK','DJ','DO','EC','EG','SV','GQ','EE','ET','FI','FR','GA','GM','GE','DE','GH','GR','GT','GN','GW','GY','HT','HN','HK','HU','IS','IN','ID','IR','IQ','IE','IL','IT','JM','JP','JO','KZ','KE','KR','XK','KW','KG','LA','LV','LB','LS','LR','LY','LT','LU','MK','MG','MW','MY','ML','MT','MR',"
MU,14,update cmn_region set sub_continent_id=14 where id='MU';,"('AF','AL','DZ','AO','AR','AM','AU','AT','AZ','BH','BD','BY','BE','BJ','BT','BO','BA','BW','BR','BG','BF','BI','KH','CM','CA','CV','CF','TD','CL','CN','CO','KM','CG','CD','CR','CI','HR','CY','CZ','DK','DJ','DO','EC','EG','SV','GQ','EE','ET','FI','FR','GA','GM','GE','DE','GH','GR','GT','GN','GW','GY','HT','HN','HK','HU','IS','IN','ID','IR','IQ','IE','IL','IT','JM','JP','JO','KZ','KE','KR','XK','KW','KG','LA','LV','LB','LS','LR','LY','LT','LU','MK','MG','MW','MY','ML','MT','MR','MU',"
MX,13,update cmn_region set sub_continent_id=13 where id='MX';,"('AF','AL','DZ','AO','AR','AM','AU','AT','AZ','BH','BD','BY','BE','BJ','BT','BO','BA','BW','BR','BG','BF','BI','KH','CM','CA','CV','CF','TD','CL','CN','CO','KM','CG','CD','CR','CI','HR','CY','CZ','DK','DJ','DO','EC','EG','SV','GQ','EE','ET','FI','FR','GA','GM','GE','DE','GH','GR','GT','GN','GW','GY','HT','HN','HK','HU','IS','IN','ID','IR','IQ','IE','IL','IT','JM','JP','JO','KZ','KE','KR','XK','KW','KG','LA','LV','LB','LS','LR','LY','LT','LU','MK','MG','MW','MY','ML','MT','MR','MU','MX',"
MD,151,update cmn_region set sub_continent_id=151 where id='MD';,"('AF','AL','DZ','AO','AR','AM','AU','AT','AZ','BH','BD','BY','BE','BJ','BT','BO','BA','BW','BR','BG','BF','BI','KH','CM','CA','CV','CF','TD','CL','CN','CO','KM','CG','CD','CR','CI','HR','CY','CZ','DK','DJ','DO','EC','EG','SV','GQ','EE','ET','FI','FR','GA','GM','GE','DE','GH','GR','GT','GN','GW','GY','HT','HN','HK','HU','IS','IN','ID','IR','IQ','IE','IL','IT','JM','JP','JO','KZ','KE','KR','XK','KW','KG','LA','LV','LB','LS','LR','LY','LT','LU','MK','MG','MW','MY','ML','MT','MR','MU','MX','MD',"
MN,30,update cmn_region set sub_continent_id=30 where id='MN';,"('AF','AL','DZ','AO','AR','AM','AU','AT','AZ','BH','BD','BY','BE','BJ','BT','BO','BA','BW','BR','BG','BF','BI','KH','CM','CA','CV','CF','TD','CL','CN','CO','KM','CG','CD','CR','CI','HR','CY','CZ','DK','DJ','DO','EC','EG','SV','GQ','EE','ET','FI','FR','GA','GM','GE','DE','GH','GR','GT','GN','GW','GY','HT','HN','HK','HU','IS','IN','ID','IR','IQ','IE','IL','IT','JM','JP','JO','KZ','KE','KR','XK','KW','KG','LA','LV','LB','LS','LR','LY','LT','LU','MK','MG','MW','MY','ML','MT','MR','MU','MX','MD','MN',"
ME,39,update cmn_region set sub_continent_id=39 where id='ME';,"('AF','AL','DZ','AO','AR','AM','AU','AT','AZ','BH','BD','BY','BE','BJ','BT','BO','BA','BW','BR','BG','BF','BI','KH','CM','CA','CV','CF','TD','CL','CN','CO','KM','CG','CD','CR','CI','HR','CY','CZ','DK','DJ','DO','EC','EG','SV','GQ','EE','ET','FI','FR','GA','GM','GE','DE','GH','GR','GT','GN','GW','GY','HT','HN','HK','HU','IS','IN','ID','IR','IQ','IE','IL','IT','JM','JP','JO','KZ','KE','KR','XK','KW','KG','LA','LV','LB','LS','LR','LY','LT','LU','MK','MG','MW','MY','ML','MT','MR','MU','MX','MD','MN','ME',"
MA,15,update cmn_region set sub_continent_id=15 where id='MA';,"('AF','AL','DZ','AO','AR','AM','AU','AT','AZ','BH','BD','BY','BE','BJ','BT','BO','BA','BW','BR','BG','BF','BI','KH','CM','CA','CV','CF','TD','CL','CN','CO','KM','CG','CD','CR','CI','HR','CY','CZ','DK','DJ','DO','EC','EG','SV','GQ','EE','ET','FI','FR','GA','GM','GE','DE','GH','GR','GT','GN','GW','GY','HT','HN','HK','HU','IS','IN','ID','IR','IQ','IE','IL','IT','JM','JP','JO','KZ','KE','KR','XK','KW','KG','LA','LV','LB','LS','LR','LY','LT','LU','MK','MG','MW','MY','ML','MT','MR','MU','MX','MD','MN','ME','MA',"
MZ,14,update cmn_region set sub_continent_id=14 where id='MZ';,"('AF','AL','DZ','AO','AR','AM','AU','AT','AZ','BH','BD','BY','BE','BJ','BT','BO','BA','BW','BR','BG','BF','BI','KH','CM','CA','CV','CF','TD','CL','CN','CO','KM','CG','CD','CR','CI','HR','CY','CZ','DK','DJ','DO','EC','EG','SV','GQ','EE','ET','FI','FR','GA','GM','GE','DE','GH','GR','GT','GN','GW','GY','HT','HN','HK','HU','IS','IN','ID','IR','IQ','IE','IL','IT','JM','JP','JO','KZ','KE','KR','XK','KW','KG','LA','LV','LB','LS','LR','LY','LT','LU','MK','MG','MW','MY','ML','MT','MR','MU','MX','MD','MN','ME','MA','MZ',"
MM,35,update cmn_region set sub_continent_id=35 where id='MM';,"('AF','AL','DZ','AO','AR','AM','AU','AT','AZ','BH','BD','BY','BE','BJ','BT','BO','BA','BW','BR','BG','BF','BI','KH','CM','CA','CV','CF','TD','CL','CN','CO','KM','CG','CD','CR','CI','HR','CY','CZ','DK','DJ','DO','EC','EG','SV','GQ','EE','ET','FI','FR','GA','GM','GE','DE','GH','GR','GT','GN','GW','GY','HT','HN','HK','HU','IS','IN','ID','IR','IQ','IE','IL','IT','JM','JP','JO','KZ','KE','KR','XK','KW','KG','LA','LV','LB','LS','LR','LY','LT','LU','MK','MG','MW','MY','ML','MT','MR','MU','MX','MD','MN','ME','MA','MZ','MM',"
NA,18,update cmn_region set sub_continent_id=18 where id='NA';,"('AF','AL','DZ','AO','AR','AM','AU','AT','AZ','BH','BD','BY','BE','BJ','BT','BO','BA','BW','BR','BG','BF','BI','KH','CM','CA','CV','CF','TD','CL','CN','CO','KM','CG','CD','CR','CI','HR','CY','CZ','DK','DJ','DO','EC','EG','SV','GQ','EE','ET','FI','FR','GA','GM','GE','DE','GH','GR','GT','GN','GW','GY','HT','HN','HK','HU','IS','IN','ID','IR','IQ','IE','IL','IT','JM','JP','JO','KZ','KE','KR','XK','KW','KG','LA','LV','LB','LS','LR','LY','LT','LU','MK','MG','MW','MY','ML','MT','MR','MU','MX','MD','MN','ME','MA','MZ','MM','NA',"
NP,34,update cmn_region set sub_continent_id=34 where id='NP';,"('AF','AL','DZ','AO','AR','AM','AU','AT','AZ','BH','BD','BY','BE','BJ','BT','BO','BA','BW','BR','BG','BF','BI','KH','CM','CA','CV','CF','TD','CL','CN','CO','KM','CG','CD','CR','CI','HR','CY','CZ','DK','DJ','DO','EC','EG','SV','GQ','EE','ET','FI','FR','GA','GM','GE','DE','GH','GR','GT','GN','GW','GY','HT','HN','HK','HU','IS','IN','ID','IR','IQ','IE','IL','IT','JM','JP','JO','KZ','KE','KR','XK','KW','KG','LA','LV','LB','LS','LR','LY','LT','LU','MK','MG','MW','MY','ML','MT','MR','MU','MX','MD','MN','ME','MA','MZ','MM','NA','NP',"
NL,155,update cmn_region set sub_continent_id=155 where id='NL';,"('AF','AL','DZ','AO','AR','AM','AU','AT','AZ','BH','BD','BY','BE','BJ','BT','BO','BA','BW','BR','BG','BF','BI','KH','CM','CA','CV','CF','TD','CL','CN','CO','KM','CG','CD','CR','CI','HR','CY','CZ','DK','DJ','DO','EC','EG','SV','GQ','EE','ET','FI','FR','GA','GM','GE','DE','GH','GR','GT','GN','GW','GY','HT','HN','HK','HU','IS','IN','ID','IR','IQ','IE','IL','IT','JM','JP','JO','KZ','KE','KR','XK','KW','KG','LA','LV','LB','LS','LR','LY','LT','LU','MK','MG','MW','MY','ML','MT','MR','MU','MX','MD','MN','ME','MA','MZ','MM','NA','NP','NL',"
NZ,53,update cmn_region set sub_continent_id=53 where id='NZ';,"('AF','AL','DZ','AO','AR','AM','AU','AT','AZ','BH','BD','BY','BE','BJ','BT','BO','BA','BW','BR','BG','BF','BI','KH','CM','CA','CV','CF','TD','CL','CN','CO','KM','CG','CD','CR','CI','HR','CY','CZ','DK','DJ','DO','EC','EG','SV','GQ','EE','ET','FI','FR','GA','GM','GE','DE','GH','GR','GT','GN','GW','GY','HT','HN','HK','HU','IS','IN','ID','IR','IQ','IE','IL','IT','JM','JP','JO','KZ','KE','KR','XK','KW','KG','LA','LV','LB','LS','LR','LY','LT','LU','MK','MG','MW','MY','ML','MT','MR','MU','MX','MD','MN','ME','MA','MZ','MM','NA','NP','NL','NZ',"
NI,13,update cmn_region set sub_continent_id=13 where id='NI';,"('AF','AL','DZ','AO','AR','AM','AU','AT','AZ','BH','BD','BY','BE','BJ','BT','BO','BA','BW','BR','BG','BF','BI','KH','CM','CA','CV','CF','TD','CL','CN','CO','KM','CG','CD','CR','CI','HR','CY','CZ','DK','DJ','DO','EC','EG','SV','GQ','EE','ET','FI','FR','GA','GM','GE','DE','GH','GR','GT','GN','GW','GY','HT','HN','HK','HU','IS','IN','ID','IR','IQ','IE','IL','IT','JM','JP','JO','KZ','KE','KR','XK','KW','KG','LA','LV','LB','LS','LR','LY','LT','LU','MK','MG','MW','MY','ML','MT','MR','MU','MX','MD','MN','ME','MA','MZ','MM','NA','NP','NL','NZ','NI',"
NE,11,update cmn_region set sub_continent_id=11 where id='NE';,"('AF','AL','DZ','AO','AR','AM','AU','AT','AZ','BH','BD','BY','BE','BJ','BT','BO','BA','BW','BR','BG','BF','BI','KH','CM','CA','CV','CF','TD','CL','CN','CO','KM','CG','CD','CR','CI','HR','CY','CZ','DK','DJ','DO','EC','EG','SV','GQ','EE','ET','FI','FR','GA','GM','GE','DE','GH','GR','GT','GN','GW','GY','HT','HN','HK','HU','IS','IN','ID','IR','IQ','IE','IL','IT','JM','JP','JO','KZ','KE','KR','XK','KW','KG','LA','LV','LB','LS','LR','LY','LT','LU','MK','MG','MW','MY','ML','MT','MR','MU','MX','MD','MN','ME','MA','MZ','MM','NA','NP','NL','NZ','NI','NE',"
NG,11,update cmn_region set sub_continent_id=11 where id='NG';,"('AF','AL','DZ','AO','AR','AM','AU','AT','AZ','BH','BD','BY','BE','BJ','BT','BO','BA','BW','BR','BG','BF','BI','KH','CM','CA','CV','CF','TD','CL','CN','CO','KM','CG','CD','CR','CI','HR','CY','CZ','DK','DJ','DO','EC','EG','SV','GQ','EE','ET','FI','FR','GA','GM','GE','DE','GH','GR','GT','GN','GW','GY','HT','HN','HK','HU','IS','IN','ID','IR','IQ','IE','IL','IT','JM','JP','JO','KZ','KE','KR','XK','KW','KG','LA','LV','LB','LS','LR','LY','LT','LU','MK','MG','MW','MY','ML','MT','MR','MU','MX','MD','MN','ME','MA','MZ','MM','NA','NP','NL','NZ','NI','NE','NG',"
NO,154,update cmn_region set sub_continent_id=154 where id='NO';,"('AF','AL','DZ','AO','AR','AM','AU','AT','AZ','BH','BD','BY','BE','BJ','BT','BO','BA','BW','BR','BG','BF','BI','KH','CM','CA','CV','CF','TD','CL','CN','CO','KM','CG','CD','CR','CI','HR','CY','CZ','DK','DJ','DO','EC','EG','SV','GQ','EE','ET','FI','FR','GA','GM','GE','DE','GH','GR','GT','GN','GW','GY','HT','HN','HK','HU','IS','IN','ID','IR','IQ','IE','IL','IT','JM','JP','JO','KZ','KE','KR','XK','KW','KG','LA','LV','LB','LS','LR','LY','LT','LU','MK','MG','MW','MY','ML','MT','MR','MU','MX','MD','MN','ME','MA','MZ','MM','NA','NP','NL','NZ','NI','NE','NG','NO',"
OM,145,update cmn_region set sub_continent_id=145 where id='OM';,"('AF','AL','DZ','AO','AR','AM','AU','AT','AZ','BH','BD','BY','BE','BJ','BT','BO','BA','BW','BR','BG','BF','BI','KH','CM','CA','CV','CF','TD','CL','CN','CO','KM','CG','CD','CR','CI','HR','CY','CZ','DK','DJ','DO','EC','EG','SV','GQ','EE','ET','FI','FR','GA','GM','GE','DE','GH','GR','GT','GN','GW','GY','HT','HN','HK','HU','IS','IN','ID','IR','IQ','IE','IL','IT','JM','JP','JO','KZ','KE','KR','XK','KW','KG','LA','LV','LB','LS','LR','LY','LT','LU','MK','MG','MW','MY','ML','MT','MR','MU','MX','MD','MN','ME','MA','MZ','MM','NA','NP','NL','NZ','NI','NE','NG','NO','OM',"
PK,34,update cmn_region set sub_continent_id=34 where id='PK';,"('AF','AL','DZ','AO','AR','AM','AU','AT','AZ','BH','BD','BY','BE','BJ','BT','BO','BA','BW','BR','BG','BF','BI','KH','CM','CA','CV','CF','TD','CL','CN','CO','KM','CG','CD','CR','CI','HR','CY','CZ','DK','DJ','DO','EC','EG','SV','GQ','EE','ET','FI','FR','GA','GM','GE','DE','GH','GR','GT','GN','GW','GY','HT','HN','HK','HU','IS','IN','ID','IR','IQ','IE','IL','IT','JM','JP','JO','KZ','KE','KR','XK','KW','KG','LA','LV','LB','LS','LR','LY','LT','LU','MK','MG','MW','MY','ML','MT','MR','MU','MX','MD','MN','ME','MA','MZ','MM','NA','NP','NL','NZ','NI','NE','NG','NO','OM','PK',"
PA,13,update cmn_region set sub_continent_id=13 where id='PA';,"('AF','AL','DZ','AO','AR','AM','AU','AT','AZ','BH','BD','BY','BE','BJ','BT','BO','BA','BW','BR','BG','BF','BI','KH','CM','CA','CV','CF','TD','CL','CN','CO','KM','CG','CD','CR','CI','HR','CY','CZ','DK','DJ','DO','EC','EG','SV','GQ','EE','ET','FI','FR','GA','GM','GE','DE','GH','GR','GT','GN','GW','GY','HT','HN','HK','HU','IS','IN','ID','IR','IQ','IE','IL','IT','JM','JP','JO','KZ','KE','KR','XK','KW','KG','LA','LV','LB','LS','LR','LY','LT','LU','MK','MG','MW','MY','ML','MT','MR','MU','MX','MD','MN','ME','MA','MZ','MM','NA','NP','NL','NZ','NI','NE','NG','NO','OM','PK','PA',"
PG,54,update cmn_region set sub_continent_id=54 where id='PG';,"('AF','AL','DZ','AO','AR','AM','AU','AT','AZ','BH','BD','BY','BE','BJ','BT','BO','BA','BW','BR','BG','BF','BI','KH','CM','CA','CV','CF','TD','CL','CN','CO','KM','CG','CD','CR','CI','HR','CY','CZ','DK','DJ','DO','EC','EG','SV','GQ','EE','ET','FI','FR','GA','GM','GE','DE','GH','GR','GT','GN','GW','GY','HT','HN','HK','HU','IS','IN','ID','IR','IQ','IE','IL','IT','JM','JP','JO','KZ','KE','KR','XK','KW','KG','LA','LV','LB','LS','LR','LY','LT','LU','MK','MG','MW','MY','ML','MT','MR','MU','MX','MD','MN','ME','MA','MZ','MM','NA','NP','NL','NZ','NI','NE','NG','NO','OM','PK','PA','PG',"
PY,5,update cmn_region set sub_continent_id=5 where id='PY';,"('AF','AL','DZ','AO','AR','AM','AU','AT','AZ','BH','BD','BY','BE','BJ','BT','BO','BA','BW','BR','BG','BF','BI','KH','CM','CA','CV','CF','TD','CL','CN','CO','KM','CG','CD','CR','CI','HR','CY','CZ','DK','DJ','DO','EC','EG','SV','GQ','EE','ET','FI','FR','GA','GM','GE','DE','GH','GR','GT','GN','GW','GY','HT','HN','HK','HU','IS','IN','ID','IR','IQ','IE','IL','IT','JM','JP','JO','KZ','KE','KR','XK','KW','KG','LA','LV','LB','LS','LR','LY','LT','LU','MK','MG','MW','MY','ML','MT','MR','MU','MX','MD','MN','ME','MA','MZ','MM','NA','NP','NL','NZ','NI','NE','NG','NO','OM','PK','PA','PG','PY',"
PE,5,update cmn_region set sub_continent_id=5 where id='PE';,"('AF','AL','DZ','AO','AR','AM','AU','AT','AZ','BH','BD','BY','BE','BJ','BT','BO','BA','BW','BR','BG','BF','BI','KH','CM','CA','CV','CF','TD','CL','CN','CO','KM','CG','CD','CR','CI','HR','CY','CZ','DK','DJ','DO','EC','EG','SV','GQ','EE','ET','FI','FR','GA','GM','GE','DE','GH','GR','GT','GN','GW','GY','HT','HN','HK','HU','IS','IN','ID','IR','IQ','IE','IL','IT','JM','JP','JO','KZ','KE','KR','XK','KW','KG','LA','LV','LB','LS','LR','LY','LT','LU','MK','MG','MW','MY','ML','MT','MR','MU','MX','MD','MN','ME','MA','MZ','MM','NA','NP','NL','NZ','NI','NE','NG','NO','OM','PK','PA','PG','PY','PE',"
PH,35,update cmn_region set sub_continent_id=35 where id='PH';,"('AF','AL','DZ','AO','AR','AM','AU','AT','AZ','BH','BD','BY','BE','BJ','BT','BO','BA','BW','BR','BG','BF','BI','KH','CM','CA','CV','CF','TD','CL','CN','CO','KM','CG','CD','CR','CI','HR','CY','CZ','DK','DJ','DO','EC','EG','SV','GQ','EE','ET','FI','FR','GA','GM','GE','DE','GH','GR','GT','GN','GW','GY','HT','HN','HK','HU','IS','IN','ID','IR','IQ','IE','IL','IT','JM','JP','JO','KZ','KE','KR','XK','KW','KG','LA','LV','LB','LS','LR','LY','LT','LU','MK','MG','MW','MY','ML','MT','MR','MU','MX','MD','MN','ME','MA','MZ','MM','NA','NP','NL','NZ','NI','NE','NG','NO','OM','PK','PA','PG','PY','PE','PH',"
PL,151,update cmn_region set sub_continent_id=151 where id='PL';,"('AF','AL','DZ','AO','AR','AM','AU','AT','AZ','BH','BD','BY','BE','BJ','BT','BO','BA','BW','BR','BG','BF','BI','KH','CM','CA','CV','CF','TD','CL','CN','CO','KM','CG','CD','CR','CI','HR','CY','CZ','DK','DJ','DO','EC','EG','SV','GQ','EE','ET','FI','FR','GA','GM','GE','DE','GH','GR','GT','GN','GW','GY','HT','HN','HK','HU','IS','IN','ID','IR','IQ','IE','IL','IT','JM','JP','JO','KZ','KE','KR','XK','KW','KG','LA','LV','LB','LS','LR','LY','LT','LU','MK','MG','MW','MY','ML','MT','MR','MU','MX','MD','MN','ME','MA','MZ','MM','NA','NP','NL','NZ','NI','NE','NG','NO','OM','PK','PA','PG','PY','PE','PH','PL',"
PT,39,update cmn_region set sub_continent_id=39 where id='PT';,"('AF','AL','DZ','AO','AR','AM','AU','AT','AZ','BH','BD','BY','BE','BJ','BT','BO','BA','BW','BR','BG','BF','BI','KH','CM','CA','CV','CF','TD','CL','CN','CO','KM','CG','CD','CR','CI','HR','CY','CZ','DK','DJ','DO','EC','EG','SV','GQ','EE','ET','FI','FR','GA','GM','GE','DE','GH','GR','GT','GN','GW','GY','HT','HN','HK','HU','IS','IN','ID','IR','IQ','IE','IL','IT','JM','JP','JO','KZ','KE','KR','XK','KW','KG','LA','LV','LB','LS','LR','LY','LT','LU','MK','MG','MW','MY','ML','MT','MR','MU','MX','MD','MN','ME','MA','MZ','MM','NA','NP','NL','NZ','NI','NE','NG','NO','OM','PK','PA','PG','PY','PE','PH','PL','PT',"
QA,145,update cmn_region set sub_continent_id=145 where id='QA';,"('AF','AL','DZ','AO','AR','AM','AU','AT','AZ','BH','BD','BY','BE','BJ','BT','BO','BA','BW','BR','BG','BF','BI','KH','CM','CA','CV','CF','TD','CL','CN','CO','KM','CG','CD','CR','CI','HR','CY','CZ','DK','DJ','DO','EC','EG','SV','GQ','EE','ET','FI','FR','GA','GM','GE','DE','GH','GR','GT','GN','GW','GY','HT','HN','HK','HU','IS','IN','ID','IR','IQ','IE','IL','IT','JM','JP','JO','KZ','KE','KR','XK','KW','KG','LA','LV','LB','LS','LR','LY','LT','LU','MK','MG','MW','MY','ML','MT','MR','MU','MX','MD','MN','ME','MA','MZ','MM','NA','NP','NL','NZ','NI','NE','NG','NO','OM','PK','PA','PG','PY','PE','PH','PL','PT','QA',"
RO,151,update cmn_region set sub_continent_id=151 where id='RO';,"('AF','AL','DZ','AO','AR','AM','AU','AT','AZ','BH','BD','BY','BE','BJ','BT','BO','BA','BW','BR','BG','BF','BI','KH','CM','CA','CV','CF','TD','CL','CN','CO','KM','CG','CD','CR','CI','HR','CY','CZ','DK','DJ','DO','EC','EG','SV','GQ','EE','ET','FI','FR','GA','GM','GE','DE','GH','GR','GT','GN','GW','GY','HT','HN','HK','HU','IS','IN','ID','IR','IQ','IE','IL','IT','JM','JP','JO','KZ','KE','KR','XK','KW','KG','LA','LV','LB','LS','LR','LY','LT','LU','MK','MG','MW','MY','ML','MT','MR','MU','MX','MD','MN','ME','MA','MZ','MM','NA','NP','NL','NZ','NI','NE','NG','NO','OM','PK','PA','PG','PY','PE','PH','PL','PT','QA','RO',"
RU,151,update cmn_region set sub_continent_id=151 where id='RU';,"('AF','AL','DZ','AO','AR','AM','AU','AT','AZ','BH','BD','BY','BE','BJ','BT','BO','BA','BW','BR','BG','BF','BI','KH','CM','CA','CV','CF','TD','CL','CN','CO','KM','CG','CD','CR','CI','HR','CY','CZ','DK','DJ','DO','EC','EG','SV','GQ','EE','ET','FI','FR','GA','GM','GE','DE','GH','GR','GT','GN','GW','GY','HT','HN','HK','HU','IS','IN','ID','IR','IQ','IE','IL','IT','JM','JP','JO','KZ','KE','KR','XK','KW','KG','LA','LV','LB','LS','LR','LY','LT','LU','MK','MG','MW','MY','ML','MT','MR','MU','MX','MD','MN','ME','MA','MZ','MM','NA','NP','NL','NZ','NI','NE','NG','NO','OM','PK','PA','PG','PY','PE','PH','PL','PT','QA','RO','RU',"
RW,14,update cmn_region set sub_continent_id=14 where id='RW';,"('AF','AL','DZ','AO','AR','AM','AU','AT','AZ','BH','BD','BY','BE','BJ','BT','BO','BA','BW','BR','BG','BF','BI','KH','CM','CA','CV','CF','TD','CL','CN','CO','KM','CG','CD','CR','CI','HR','CY','CZ','DK','DJ','DO','EC','EG','SV','GQ','EE','ET','FI','FR','GA','GM','GE','DE','GH','GR','GT','GN','GW','GY','HT','HN','HK','HU','IS','IN','ID','IR','IQ','IE','IL','IT','JM','JP','JO','KZ','KE','KR','XK','KW','KG','LA','LV','LB','LS','LR','LY','LT','LU','MK','MG','MW','MY','ML','MT','MR','MU','MX','MD','MN','ME','MA','MZ','MM','NA','NP','NL','NZ','NI','NE','NG','NO','OM','PK','PA','PG','PY','PE','PH','PL','PT','QA','RO','RU','RW',"
SA,145,update cmn_region set sub_continent_id=145 where id='SA';,"('AF','AL','DZ','AO','AR','AM','AU','AT','AZ','BH','BD','BY','BE','BJ','BT','BO','BA','BW','BR','BG','BF','BI','KH','CM','CA','CV','CF','TD','CL','CN','CO','KM','CG','CD','CR','CI','HR','CY','CZ','DK','DJ','DO','EC','EG','SV','GQ','EE','ET','FI','FR','GA','GM','GE','DE','GH','GR','GT','GN','GW','GY','HT','HN','HK','HU','IS','IN','ID','IR','IQ','IE','IL','IT','JM','JP','JO','KZ','KE','KR','XK','KW','KG','LA','LV','LB','LS','LR','LY','LT','LU','MK','MG','MW','MY','ML','MT','MR','MU','MX','MD','MN','ME','MA','MZ','MM','NA','NP','NL','NZ','NI','NE','NG','NO','OM','PK','PA','PG','PY','PE','PH','PL','PT','QA','RO','RU','RW','SA',"
SN,11,update cmn_region set sub_continent_id=11 where id='SN';,"('AF','AL','DZ','AO','AR','AM','AU','AT','AZ','BH','BD','BY','BE','BJ','BT','BO','BA','BW','BR','BG','BF','BI','KH','CM','CA','CV','CF','TD','CL','CN','CO','KM','CG','CD','CR','CI','HR','CY','CZ','DK','DJ','DO','EC','EG','SV','GQ','EE','ET','FI','FR','GA','GM','GE','DE','GH','GR','GT','GN','GW','GY','HT','HN','HK','HU','IS','IN','ID','IR','IQ','IE','IL','IT','JM','JP','JO','KZ','KE','KR','XK','KW','KG','LA','LV','LB','LS','LR','LY','LT','LU','MK','MG','MW','MY','ML','MT','MR','MU','MX','MD','MN','ME','MA','MZ','MM','NA','NP','NL','NZ','NI','NE','NG','NO','OM','PK','PA','PG','PY','PE','PH','PL','PT','QA','RO','RU','RW','SA','SN',"
RS,39,update cmn_region set sub_continent_id=39 where id='RS';,"('AF','AL','DZ','AO','AR','AM','AU','AT','AZ','BH','BD','BY','BE','BJ','BT','BO','BA','BW','BR','BG','BF','BI','KH','CM','CA','CV','CF','TD','CL','CN','CO','KM','CG','CD','CR','CI','HR','CY','CZ','DK','DJ','DO','EC','EG','SV','GQ','EE','ET','FI','FR','GA','GM','GE','DE','GH','GR','GT','GN','GW','GY','HT','HN','HK','HU','IS','IN','ID','IR','IQ','IE','IL','IT','JM','JP','JO','KZ','KE','KR','XK','KW','KG','LA','LV','LB','LS','LR','LY','LT','LU','MK','MG','MW','MY','ML','MT','MR','MU','MX','MD','MN','ME','MA','MZ','MM','NA','NP','NL','NZ','NI','NE','NG','NO','OM','PK','PA','PG','PY','PE','PH','PL','PT','QA','RO','RU','RW','SA','SN','RS',"
SL,11,update cmn_region set sub_continent_id=11 where id='SL';,"('AF','AL','DZ','AO','AR','AM','AU','AT','AZ','BH','BD','BY','BE','BJ','BT','BO','BA','BW','BR','BG','BF','BI','KH','CM','CA','CV','CF','TD','CL','CN','CO','KM','CG','CD','CR','CI','HR','CY','CZ','DK','DJ','DO','EC','EG','SV','GQ','EE','ET','FI','FR','GA','GM','GE','DE','GH','GR','GT','GN','GW','GY','HT','HN','HK','HU','IS','IN','ID','IR','IQ','IE','IL','IT','JM','JP','JO','KZ','KE','KR','XK','KW','KG','LA','LV','LB','LS','LR','LY','LT','LU','MK','MG','MW','MY','ML','MT','MR','MU','MX','MD','MN','ME','MA','MZ','MM','NA','NP','NL','NZ','NI','NE','NG','NO','OM','PK','PA','PG','PY','PE','PH','PL','PT','QA','RO','RU','RW','SA','SN','RS','SL',"
SG,35,update cmn_region set sub_continent_id=35 where id='SG';,"('AF','AL','DZ','AO','AR','AM','AU','AT','AZ','BH','BD','BY','BE','BJ','BT','BO','BA','BW','BR','BG','BF','BI','KH','CM','CA','CV','CF','TD','CL','CN','CO','KM','CG','CD','CR','CI','HR','CY','CZ','DK','DJ','DO','EC','EG','SV','GQ','EE','ET','FI','FR','GA','GM','GE','DE','GH','GR','GT','GN','GW','GY','HT','HN','HK','HU','IS','IN','ID','IR','IQ','IE','IL','IT','JM','JP','JO','KZ','KE','KR','XK','KW','KG','LA','LV','LB','LS','LR','LY','LT','LU','MK','MG','MW','MY','ML','MT','MR','MU','MX','MD','MN','ME','MA','MZ','MM','NA','NP','NL','NZ','NI','NE','NG','NO','OM','PK','PA','PG','PY','PE','PH','PL','PT','QA','RO','RU','RW','SA','SN','RS','SL','SG',"
SK,151,update cmn_region set sub_continent_id=151 where id='SK';,"('AF','AL','DZ','AO','AR','AM','AU','AT','AZ','BH','BD','BY','BE','BJ','BT','BO','BA','BW','BR','BG','BF','BI','KH','CM','CA','CV','CF','TD','CL','CN','CO','KM','CG','CD','CR','CI','HR','CY','CZ','DK','DJ','DO','EC','EG','SV','GQ','EE','ET','FI','FR','GA','GM','GE','DE','GH','GR','GT','GN','GW','GY','HT','HN','HK','HU','IS','IN','ID','IR','IQ','IE','IL','IT','JM','JP','JO','KZ','KE','KR','XK','KW','KG','LA','LV','LB','LS','LR','LY','LT','LU','MK','MG','MW','MY','ML','MT','MR','MU','MX','MD','MN','ME','MA','MZ','MM','NA','NP','NL','NZ','NI','NE','NG','NO','OM','PK','PA','PG','PY','PE','PH','PL','PT','QA','RO','RU','RW','SA','SN','RS','SL','SG','SK',"
SI,39,update cmn_region set sub_continent_id=39 where id='SI';,"('AF','AL','DZ','AO','AR','AM','AU','AT','AZ','BH','BD','BY','BE','BJ','BT','BO','BA','BW','BR','BG','BF','BI','KH','CM','CA','CV','CF','TD','CL','CN','CO','KM','CG','CD','CR','CI','HR','CY','CZ','DK','DJ','DO','EC','EG','SV','GQ','EE','ET','FI','FR','GA','GM','GE','DE','GH','GR','GT','GN','GW','GY','HT','HN','HK','HU','IS','IN','ID','IR','IQ','IE','IL','IT','JM','JP','JO','KZ','KE','KR','XK','KW','KG','LA','LV','LB','LS','LR','LY','LT','LU','MK','MG','MW','MY','ML','MT','MR','MU','MX','MD','MN','ME','MA','MZ','MM','NA','NP','NL','NZ','NI','NE','NG','NO','OM','PK','PA','PG','PY','PE','PH','PL','PT','QA','RO','RU','RW','SA','SN','RS','SL','SG','SK','SI',"
ZA,18,update cmn_region set sub_continent_id=18 where id='ZA';,"('AF','AL','DZ','AO','AR','AM','AU','AT','AZ','BH','BD','BY','BE','BJ','BT','BO','BA','BW','BR','BG','BF','BI','KH','CM','CA','CV','CF','TD','CL','CN','CO','KM','CG','CD','CR','CI','HR','CY','CZ','DK','DJ','DO','EC','EG','SV','GQ','EE','ET','FI','FR','GA','GM','GE','DE','GH','GR','GT','GN','GW','GY','HT','HN','HK','HU','IS','IN','ID','IR','IQ','IE','IL','IT','JM','JP','JO','KZ','KE','KR','XK','KW','KG','LA','LV','LB','LS','LR','LY','LT','LU','MK','MG','MW','MY','ML','MT','MR','MU','MX','MD','MN','ME','MA','MZ','MM','NA','NP','NL','NZ','NI','NE','NG','NO','OM','PK','PA','PG','PY','PE','PH','PL','PT','QA','RO','RU','RW','SA','SN','RS','SL','SG','SK','SI','ZA',"
ES,39,update cmn_region set sub_continent_id=39 where id='ES';,"('AF','AL','DZ','AO','AR','AM','AU','AT','AZ','BH','BD','BY','BE','BJ','BT','BO','BA','BW','BR','BG','BF','BI','KH','CM','CA','CV','CF','TD','CL','CN','CO','KM','CG','CD','CR','CI','HR','CY','CZ','DK','DJ','DO','EC','EG','SV','GQ','EE','ET','FI','FR','GA','GM','GE','DE','GH','GR','GT','GN','GW','GY','HT','HN','HK','HU','IS','IN','ID','IR','IQ','IE','IL','IT','JM','JP','JO','KZ','KE','KR','XK','KW','KG','LA','LV','LB','LS','LR','LY','LT','LU','MK','MG','MW','MY','ML','MT','MR','MU','MX','MD','MN','ME','MA','MZ','MM','NA','NP','NL','NZ','NI','NE','NG','NO','OM','PK','PA','PG','PY','PE','PH','PL','PT','QA','RO','RU','RW','SA','SN','RS','SL','SG','SK','SI','ZA','ES',"
LK,34,update cmn_region set sub_continent_id=34 where id='LK';,"('AF','AL','DZ','AO','AR','AM','AU','AT','AZ','BH','BD','BY','BE','BJ','BT','BO','BA','BW','BR','BG','BF','BI','KH','CM','CA','CV','CF','TD','CL','CN','CO','KM','CG','CD','CR','CI','HR','CY','CZ','DK','DJ','DO','EC','EG','SV','GQ','EE','ET','FI','FR','GA','GM','GE','DE','GH','GR','GT','GN','GW','GY','HT','HN','HK','HU','IS','IN','ID','IR','IQ','IE','IL','IT','JM','JP','JO','KZ','KE','KR','XK','KW','KG','LA','LV','LB','LS','LR','LY','LT','LU','MK','MG','MW','MY','ML','MT','MR','MU','MX','MD','MN','ME','MA','MZ','MM','NA','NP','NL','NZ','NI','NE','NG','NO','OM','PK','PA','PG','PY','PE','PH','PL','PT','QA','RO','RU','RW','SA','SN','RS','SL','SG','SK','SI','ZA','ES','LK',"
SD,15,update cmn_region set sub_continent_id=15 where id='SD';,"('AF','AL','DZ','AO','AR','AM','AU','AT','AZ','BH','BD','BY','BE','BJ','BT','BO','BA','BW','BR','BG','BF','BI','KH','CM','CA','CV','CF','TD','CL','CN','CO','KM','CG','CD','CR','CI','HR','CY','CZ','DK','DJ','DO','EC','EG','SV','GQ','EE','ET','FI','FR','GA','GM','GE','DE','GH','GR','GT','GN','GW','GY','HT','HN','HK','HU','IS','IN','ID','IR','IQ','IE','IL','IT','JM','JP','JO','KZ','KE','KR','XK','KW','KG','LA','LV','LB','LS','LR','LY','LT','LU','MK','MG','MW','MY','ML','MT','MR','MU','MX','MD','MN','ME','MA','MZ','MM','NA','NP','NL','NZ','NI','NE','NG','NO','OM','PK','PA','PG','PY','PE','PH','PL','PT','QA','RO','RU','RW','SA','SN','RS','SL','SG','SK','SI','ZA','ES','LK','SD',"
SR,5,update cmn_region set sub_continent_id=5 where id='SR';,"('AF','AL','DZ','AO','AR','AM','AU','AT','AZ','BH','BD','BY','BE','BJ','BT','BO','BA','BW','BR','BG','BF','BI','KH','CM','CA','CV','CF','TD','CL','CN','CO','KM','CG','CD','CR','CI','HR','CY','CZ','DK','DJ','DO','EC','EG','SV','GQ','EE','ET','FI','FR','GA','GM','GE','DE','GH','GR','GT','GN','GW','GY','HT','HN','HK','HU','IS','IN','ID','IR','IQ','IE','IL','IT','JM','JP','JO','KZ','KE','KR','XK','KW','KG','LA','LV','LB','LS','LR','LY','LT','LU','MK','MG','MW','MY','ML','MT','MR','MU','MX','MD','MN','ME','MA','MZ','MM','NA','NP','NL','NZ','NI','NE','NG','NO','OM','PK','PA','PG','PY','PE','PH','PL','PT','QA','RO','RU','RW','SA','SN','RS','SL','SG','SK','SI','ZA','ES','LK','SD','SR',"
SZ,18,update cmn_region set sub_continent_id=18 where id='SZ';,"('AF','AL','DZ','AO','AR','AM','AU','AT','AZ','BH','BD','BY','BE','BJ','BT','BO','BA','BW','BR','BG','BF','BI','KH','CM','CA','CV','CF','TD','CL','CN','CO','KM','CG','CD','CR','CI','HR','CY','CZ','DK','DJ','DO','EC','EG','SV','GQ','EE','ET','FI','FR','GA','GM','GE','DE','GH','GR','GT','GN','GW','GY','HT','HN','HK','HU','IS','IN','ID','IR','IQ','IE','IL','IT','JM','JP','JO','KZ','KE','KR','XK','KW','KG','LA','LV','LB','LS','LR','LY','LT','LU','MK','MG','MW','MY','ML','MT','MR','MU','MX','MD','MN','ME','MA','MZ','MM','NA','NP','NL','NZ','NI','NE','NG','NO','OM','PK','PA','PG','PY','PE','PH','PL','PT','QA','RO','RU','RW','SA','SN','RS','SL','SG','SK','SI','ZA','ES','LK','SD','SR','SZ',"
SE,154,update cmn_region set sub_continent_id=154 where id='SE';,"('AF','AL','DZ','AO','AR','AM','AU','AT','AZ','BH','BD','BY','BE','BJ','BT','BO','BA','BW','BR','BG','BF','BI','KH','CM','CA','CV','CF','TD','CL','CN','CO','KM','CG','CD','CR','CI','HR','CY','CZ','DK','DJ','DO','EC','EG','SV','GQ','EE','ET','FI','FR','GA','GM','GE','DE','GH','GR','GT','GN','GW','GY','HT','HN','HK','HU','IS','IN','ID','IR','IQ','IE','IL','IT','JM','JP','JO','KZ','KE','KR','XK','KW','KG','LA','LV','LB','LS','LR','LY','LT','LU','MK','MG','MW','MY','ML','MT','MR','MU','MX','MD','MN','ME','MA','MZ','MM','NA','NP','NL','NZ','NI','NE','NG','NO','OM','PK','PA','PG','PY','PE','PH','PL','PT','QA','RO','RU','RW','SA','SN','RS','SL','SG','SK','SI','ZA','ES','LK','SD','SR','SZ','SE',"
CH,155,update cmn_region set sub_continent_id=155 where id='CH';,"('AF','AL','DZ','AO','AR','AM','AU','AT','AZ','BH','BD','BY','BE','BJ','BT','BO','BA','BW','BR','BG','BF','BI','KH','CM','CA','CV','CF','TD','CL','CN','CO','KM','CG','CD','CR','CI','HR','CY','CZ','DK','DJ','DO','EC','EG','SV','GQ','EE','ET','FI','FR','GA','GM','GE','DE','GH','GR','GT','GN','GW','GY','HT','HN','HK','HU','IS','IN','ID','IR','IQ','IE','IL','IT','JM','JP','JO','KZ','KE','KR','XK','KW','KG','LA','LV','LB','LS','LR','LY','LT','LU','MK','MG','MW','MY','ML','MT','MR','MU','MX','MD','MN','ME','MA','MZ','MM','NA','NP','NL','NZ','NI','NE','NG','NO','OM','PK','PA','PG','PY','PE','PH','PL','PT','QA','RO','RU','RW','SA','SN','RS','SL','SG','SK','SI','ZA','ES','LK','SD','SR','SZ','SE','CH',"
SY,145,update cmn_region set sub_continent_id=145 where id='SY';,"('AF','AL','DZ','AO','AR','AM','AU','AT','AZ','BH','BD','BY','BE','BJ','BT','BO','BA','BW','BR','BG','BF','BI','KH','CM','CA','CV','CF','TD','CL','CN','CO','KM','CG','CD','CR','CI','HR','CY','CZ','DK','DJ','DO','EC','EG','SV','GQ','EE','ET','FI','FR','GA','GM','GE','DE','GH','GR','GT','GN','GW','GY','HT','HN','HK','HU','IS','IN','ID','IR','IQ','IE','IL','IT','JM','JP','JO','KZ','KE','KR','XK','KW','KG','LA','LV','LB','LS','LR','LY','LT','LU','MK','MG','MW','MY','ML','MT','MR','MU','MX','MD','MN','ME','MA','MZ','MM','NA','NP','NL','NZ','NI','NE','NG','NO','OM','PK','PA','PG','PY','PE','PH','PL','PT','QA','RO','RU','RW','SA','SN','RS','SL','SG','SK','SI','ZA','ES','LK','SD','SR','SZ','SE','CH','SY',"
TJ,143,update cmn_region set sub_continent_id=143 where id='TJ';,"('AF','AL','DZ','AO','AR','AM','AU','AT','AZ','BH','BD','BY','BE','BJ','BT','BO','BA','BW','BR','BG','BF','BI','KH','CM','CA','CV','CF','TD','CL','CN','CO','KM','CG','CD','CR','CI','HR','CY','CZ','DK','DJ','DO','EC','EG','SV','GQ','EE','ET','FI','FR','GA','GM','GE','DE','GH','GR','GT','GN','GW','GY','HT','HN','HK','HU','IS','IN','ID','IR','IQ','IE','IL','IT','JM','JP','JO','KZ','KE','KR','XK','KW','KG','LA','LV','LB','LS','LR','LY','LT','LU','MK','MG','MW','MY','ML','MT','MR','MU','MX','MD','MN','ME','MA','MZ','MM','NA','NP','NL','NZ','NI','NE','NG','NO','OM','PK','PA','PG','PY','PE','PH','PL','PT','QA','RO','RU','RW','SA','SN','RS','SL','SG','SK','SI','ZA','ES','LK','SD','SR','SZ','SE','CH','SY','TJ',"
TZ,14,update cmn_region set sub_continent_id=14 where id='TZ';,"('AF','AL','DZ','AO','AR','AM','AU','AT','AZ','BH','BD','BY','BE','BJ','BT','BO','BA','BW','BR','BG','BF','BI','KH','CM','CA','CV','CF','TD','CL','CN','CO','KM','CG','CD','CR','CI','HR','CY','CZ','DK','DJ','DO','EC','EG','SV','GQ','EE','ET','FI','FR','GA','GM','GE','DE','GH','GR','GT','GN','GW','GY','HT','HN','HK','HU','IS','IN','ID','IR','IQ','IE','IL','IT','JM','JP','JO','KZ','KE','KR','XK','KW','KG','LA','LV','LB','LS','LR','LY','LT','LU','MK','MG','MW','MY','ML','MT','MR','MU','MX','MD','MN','ME','MA','MZ','MM','NA','NP','NL','NZ','NI','NE','NG','NO','OM','PK','PA','PG','PY','PE','PH','PL','PT','QA','RO','RU','RW','SA','SN','RS','SL','SG','SK','SI','ZA','ES','LK','SD','SR','SZ','SE','CH','SY','TJ','TZ',"
TH,35,update cmn_region set sub_continent_id=35 where id='TH';,"('AF','AL','DZ','AO','AR','AM','AU','AT','AZ','BH','BD','BY','BE','BJ','BT','BO','BA','BW','BR','BG','BF','BI','KH','CM','CA','CV','CF','TD','CL','CN','CO','KM','CG','CD','CR','CI','HR','CY','CZ','DK','DJ','DO','EC','EG','SV','GQ','EE','ET','FI','FR','GA','GM','GE','DE','GH','GR','GT','GN','GW','GY','HT','HN','HK','HU','IS','IN','ID','IR','IQ','IE','IL','IT','JM','JP','JO','KZ','KE','KR','XK','KW','KG','LA','LV','LB','LS','LR','LY','LT','LU','MK','MG','MW','MY','ML','MT','MR','MU','MX','MD','MN','ME','MA','MZ','MM','NA','NP','NL','NZ','NI','NE','NG','NO','OM','PK','PA','PG','PY','PE','PH','PL','PT','QA','RO','RU','RW','SA','SN','RS','SL','SG','SK','SI','ZA','ES','LK','SD','SR','SZ','SE','CH','SY','TJ','TZ','TH',"
TL,35,update cmn_region set sub_continent_id=35 where id='TL';,"('AF','AL','DZ','AO','AR','AM','AU','AT','AZ','BH','BD','BY','BE','BJ','BT','BO','BA','BW','BR','BG','BF','BI','KH','CM','CA','CV','CF','TD','CL','CN','CO','KM','CG','CD','CR','CI','HR','CY','CZ','DK','DJ','DO','EC','EG','SV','GQ','EE','ET','FI','FR','GA','GM','GE','DE','GH','GR','GT','GN','GW','GY','HT','HN','HK','HU','IS','IN','ID','IR','IQ','IE','IL','IT','JM','JP','JO','KZ','KE','KR','XK','KW','KG','LA','LV','LB','LS','LR','LY','LT','LU','MK','MG','MW','MY','ML','MT','MR','MU','MX','MD','MN','ME','MA','MZ','MM','NA','NP','NL','NZ','NI','NE','NG','NO','OM','PK','PA','PG','PY','PE','PH','PL','PT','QA','RO','RU','RW','SA','SN','RS','SL','SG','SK','SI','ZA','ES','LK','SD','SR','SZ','SE','CH','SY','TJ','TZ','TH','TL',"
TG,11,update cmn_region set sub_continent_id=11 where id='TG';,"('AF','AL','DZ','AO','AR','AM','AU','AT','AZ','BH','BD','BY','BE','BJ','BT','BO','BA','BW','BR','BG','BF','BI','KH','CM','CA','CV','CF','TD','CL','CN','CO','KM','CG','CD','CR','CI','HR','CY','CZ','DK','DJ','DO','EC','EG','SV','GQ','EE','ET','FI','FR','GA','GM','GE','DE','GH','GR','GT','GN','GW','GY','HT','HN','HK','HU','IS','IN','ID','IR','IQ','IE','IL','IT','JM','JP','JO','KZ','KE','KR','XK','KW','KG','LA','LV','LB','LS','LR','LY','LT','LU','MK','MG','MW','MY','ML','MT','MR','MU','MX','MD','MN','ME','MA','MZ','MM','NA','NP','NL','NZ','NI','NE','NG','NO','OM','PK','PA','PG','PY','PE','PH','PL','PT','QA','RO','RU','RW','SA','SN','RS','SL','SG','SK','SI','ZA','ES','LK','SD','SR','SZ','SE','CH','SY','TJ','TZ','TH','TL','TG',"
TT,29,update cmn_region set sub_continent_id=29 where id='TT';,"('AF','AL','DZ','AO','AR','AM','AU','AT','AZ','BH','BD','BY','BE','BJ','BT','BO','BA','BW','BR','BG','BF','BI','KH','CM','CA','CV','CF','TD','CL','CN','CO','KM','CG','CD','CR','CI','HR','CY','CZ','DK','DJ','DO','EC','EG','SV','GQ','EE','ET','FI','FR','GA','GM','GE','DE','GH','GR','GT','GN','GW','GY','HT','HN','HK','HU','IS','IN','ID','IR','IQ','IE','IL','IT','JM','JP','JO','KZ','KE','KR','XK','KW','KG','LA','LV','LB','LS','LR','LY','LT','LU','MK','MG','MW','MY','ML','MT','MR','MU','MX','MD','MN','ME','MA','MZ','MM','NA','NP','NL','NZ','NI','NE','NG','NO','OM','PK','PA','PG','PY','PE','PH','PL','PT','QA','RO','RU','RW','SA','SN','RS','SL','SG','SK','SI','ZA','ES','LK','SD','SR','SZ','SE','CH','SY','TJ','TZ','TH','TL','TG','TT',"
TN,15,update cmn_region set sub_continent_id=15 where id='TN';,"('AF','AL','DZ','AO','AR','AM','AU','AT','AZ','BH','BD','BY','BE','BJ','BT','BO','BA','BW','BR','BG','BF','BI','KH','CM','CA','CV','CF','TD','CL','CN','CO','KM','CG','CD','CR','CI','HR','CY','CZ','DK','DJ','DO','EC','EG','SV','GQ','EE','ET','FI','FR','GA','GM','GE','DE','GH','GR','GT','GN','GW','GY','HT','HN','HK','HU','IS','IN','ID','IR','IQ','IE','IL','IT','JM','JP','JO','KZ','KE','KR','XK','KW','KG','LA','LV','LB','LS','LR','LY','LT','LU','MK','MG','MW','MY','ML','MT','MR','MU','MX','MD','MN','ME','MA','MZ','MM','NA','NP','NL','NZ','NI','NE','NG','NO','OM','PK','PA','PG','PY','PE','PH','PL','PT','QA','RO','RU','RW','SA','SN','RS','SL','SG','SK','SI','ZA','ES','LK','SD','SR','SZ','SE','CH','SY','TJ','TZ','TH','TL','TG','TT','TN',"
TR,145,update cmn_region set sub_continent_id=145 where id='TR';,"('AF','AL','DZ','AO','AR','AM','AU','AT','AZ','BH','BD','BY','BE','BJ','BT','BO','BA','BW','BR','BG','BF','BI','KH','CM','CA','CV','CF','TD','CL','CN','CO','KM','CG','CD','CR','CI','HR','CY','CZ','DK','DJ','DO','EC','EG','SV','GQ','EE','ET','FI','FR','GA','GM','GE','DE','GH','GR','GT','GN','GW','GY','HT','HN','HK','HU','IS','IN','ID','IR','IQ','IE','IL','IT','JM','JP','JO','KZ','KE','KR','XK','KW','KG','LA','LV','LB','LS','LR','LY','LT','LU','MK','MG','MW','MY','ML','MT','MR','MU','MX','MD','MN','ME','MA','MZ','MM','NA','NP','NL','NZ','NI','NE','NG','NO','OM','PK','PA','PG','PY','PE','PH','PL','PT','QA','RO','RU','RW','SA','SN','RS','SL','SG','SK','SI','ZA','ES','LK','SD','SR','SZ','SE','CH','SY','TJ','TZ','TH','TL','TG','TT','TN','TR',"
TM,143,update cmn_region set sub_continent_id=143 where id='TM';,"('AF','AL','DZ','AO','AR','AM','AU','AT','AZ','BH','BD','BY','BE','BJ','BT','BO','BA','BW','BR','BG','BF','BI','KH','CM','CA','CV','CF','TD','CL','CN','CO','KM','CG','CD','CR','CI','HR','CY','CZ','DK','DJ','DO','EC','EG','SV','GQ','EE','ET','FI','FR','GA','GM','GE','DE','GH','GR','GT','GN','GW','GY','HT','HN','HK','HU','IS','IN','ID','IR','IQ','IE','IL','IT','JM','JP','JO','KZ','KE','KR','XK','KW','KG','LA','LV','LB','LS','LR','LY','LT','LU','MK','MG','MW','MY','ML','MT','MR','MU','MX','MD','MN','ME','MA','MZ','MM','NA','NP','NL','NZ','NI','NE','NG','NO','OM','PK','PA','PG','PY','PE','PH','PL','PT','QA','RO','RU','RW','SA','SN','RS','SL','SG','SK','SI','ZA','ES','LK','SD','SR','SZ','SE','CH','SY','TJ','TZ','TH','TL','TG','TT','TN','TR','TM',"
UG,14,update cmn_region set sub_continent_id=14 where id='UG';,"('AF','AL','DZ','AO','AR','AM','AU','AT','AZ','BH','BD','BY','BE','BJ','BT','BO','BA','BW','BR','BG','BF','BI','KH','CM','CA','CV','CF','TD','CL','CN','CO','KM','CG','CD','CR','CI','HR','CY','CZ','DK','DJ','DO','EC','EG','SV','GQ','EE','ET','FI','FR','GA','GM','GE','DE','GH','GR','GT','GN','GW','GY','HT','HN','HK','HU','IS','IN','ID','IR','IQ','IE','IL','IT','JM','JP','JO','KZ','KE','KR','XK','KW','KG','LA','LV','LB','LS','LR','LY','LT','LU','MK','MG','MW','MY','ML','MT','MR','MU','MX','MD','MN','ME','MA','MZ','MM','NA','NP','NL','NZ','NI','NE','NG','NO','OM','PK','PA','PG','PY','PE','PH','PL','PT','QA','RO','RU','RW','SA','SN','RS','SL','SG','SK','SI','ZA','ES','LK','SD','SR','SZ','SE','CH','SY','TJ','TZ','TH','TL','TG','TT','TN','TR','TM','UG',"
UA,151,update cmn_region set sub_continent_id=151 where id='UA';,"('AF','AL','DZ','AO','AR','AM','AU','AT','AZ','BH','BD','BY','BE','BJ','BT','BO','BA','BW','BR','BG','BF','BI','KH','CM','CA','CV','CF','TD','CL','CN','CO','KM','CG','CD','CR','CI','HR','CY','CZ','DK','DJ','DO','EC','EG','SV','GQ','EE','ET','FI','FR','GA','GM','GE','DE','GH','GR','GT','GN','GW','GY','HT','HN','HK','HU','IS','IN','ID','IR','IQ','IE','IL','IT','JM','JP','JO','KZ','KE','KR','XK','KW','KG','LA','LV','LB','LS','LR','LY','LT','LU','MK','MG','MW','MY','ML','MT','MR','MU','MX','MD','MN','ME','MA','MZ','MM','NA','NP','NL','NZ','NI','NE','NG','NO','OM','PK','PA','PG','PY','PE','PH','PL','PT','QA','RO','RU','RW','SA','SN','RS','SL','SG','SK','SI','ZA','ES','LK','SD','SR','SZ','SE','CH','SY','TJ','TZ','TH','TL','TG','TT','TN','TR','TM','UG','UA',"
AE,145,update cmn_region set sub_continent_id=145 where id='AE';,"('AF','AL','DZ','AO','AR','AM','AU','AT','AZ','BH','BD','BY','BE','BJ','BT','BO','BA','BW','BR','BG','BF','BI','KH','CM','CA','CV','CF','TD','CL','CN','CO','KM','CG','CD','CR','CI','HR','CY','CZ','DK','DJ','DO','EC','EG','SV','GQ','EE','ET','FI','FR','GA','GM','GE','DE','GH','GR','GT','GN','GW','GY','HT','HN','HK','HU','IS','IN','ID','IR','IQ','IE','IL','IT','JM','JP','JO','KZ','KE','KR','XK','KW','KG','LA','LV','LB','LS','LR','LY','LT','LU','MK','MG','MW','MY','ML','MT','MR','MU','MX','MD','MN','ME','MA','MZ','MM','NA','NP','NL','NZ','NI','NE','NG','NO','OM','PK','PA','PG','PY','PE','PH','PL','PT','QA','RO','RU','RW','SA','SN','RS','SL','SG','SK','SI','ZA','ES','LK','SD','SR','SZ','SE','CH','SY','TJ','TZ','TH','TL','TG','TT','TN','TR','TM','UG','UA','AE',"
GB,154,update cmn_region set sub_continent_id=154 where id='GB';,"('AF','AL','DZ','AO','AR','AM','AU','AT','AZ','BH','BD','BY','BE','BJ','BT','BO','BA','BW','BR','BG','BF','BI','KH','CM','CA','CV','CF','TD','CL','CN','CO','KM','CG','CD','CR','CI','HR','CY','CZ','DK','DJ','DO','EC','EG','SV','GQ','EE','ET','FI','FR','GA','GM','GE','DE','GH','GR','GT','GN','GW','GY','HT','HN','HK','HU','IS','IN','ID','IR','IQ','IE','IL','IT','JM','JP','JO','KZ','KE','KR','XK','KW','KG','LA','LV','LB','LS','LR','LY','LT','LU','MK','MG','MW','MY','ML','MT','MR','MU','MX','MD','MN','ME','MA','MZ','MM','NA','NP','NL','NZ','NI','NE','NG','NO','OM','PK','PA','PG','PY','PE','PH','PL','PT','QA','RO','RU','RW','SA','SN','RS','SL','SG','SK','SI','ZA','ES','LK','SD','SR','SZ','SE','CH','SY','TJ','TZ','TH','TL','TG','TT','TN','TR','TM','UG','UA','AE','GB',"
US,21,update cmn_region set sub_continent_id=21 where id='US';,"('AF','AL','DZ','AO','AR','AM','AU','AT','AZ','BH','BD','BY','BE','BJ','BT','BO','BA','BW','BR','BG','BF','BI','KH','CM','CA','CV','CF','TD','CL','CN','CO','KM','CG','CD','CR','CI','HR','CY','CZ','DK','DJ','DO','EC','EG','SV','GQ','EE','ET','FI','FR','GA','GM','GE','DE','GH','GR','GT','GN','GW','GY','HT','HN','HK','HU','IS','IN','ID','IR','IQ','IE','IL','IT','JM','JP','JO','KZ','KE','KR','XK','KW','KG','LA','LV','LB','LS','LR','LY','LT','LU','MK','MG','MW','MY','ML','MT','MR','MU','MX','MD','MN','ME','MA','MZ','MM','NA','NP','NL','NZ','NI','NE','NG','NO','OM','PK','PA','PG','PY','PE','PH','PL','PT','QA','RO','RU','RW','SA','SN','RS','SL','SG','SK','SI','ZA','ES','LK','SD','SR','SZ','SE','CH','SY','TJ','TZ','TH','TL','TG','TT','TN','TR','TM','UG','UA','AE','GB','US',"
UY,5,update cmn_region set sub_continent_id=5 where id='UY';,"('AF','AL','DZ','AO','AR','AM','AU','AT','AZ','BH','BD','BY','BE','BJ','BT','BO','BA','BW','BR','BG','BF','BI','KH','CM','CA','CV','CF','TD','CL','CN','CO','KM','CG','CD','CR','CI','HR','CY','CZ','DK','DJ','DO','EC','EG','SV','GQ','EE','ET','FI','FR','GA','GM','GE','DE','GH','GR','GT','GN','GW','GY','HT','HN','HK','HU','IS','IN','ID','IR','IQ','IE','IL','IT','JM','JP','JO','KZ','KE','KR','XK','KW','KG','LA','LV','LB','LS','LR','LY','LT','LU','MK','MG','MW','MY','ML','MT','MR','MU','MX','MD','MN','ME','MA','MZ','MM','NA','NP','NL','NZ','NI','NE','NG','NO','OM','PK','PA','PG','PY','PE','PH','PL','PT','QA','RO','RU','RW','SA','SN','RS','SL','SG','SK','SI','ZA','ES','LK','SD','SR','SZ','SE','CH','SY','TJ','TZ','TH','TL','TG','TT','TN','TR','TM','UG','UA','AE','GB','US','UY',"
UZ,143,update cmn_region set sub_continent_id=143 where id='UZ';,"('AF','AL','DZ','AO','AR','AM','AU','AT','AZ','BH','BD','BY','BE','BJ','BT','BO','BA','BW','BR','BG','BF','BI','KH','CM','CA','CV','CF','TD','CL','CN','CO','KM','CG','CD','CR','CI','HR','CY','CZ','DK','DJ','DO','EC','EG','SV','GQ','EE','ET','FI','FR','GA','GM','GE','DE','GH','GR','GT','GN','GW','GY','HT','HN','HK','HU','IS','IN','ID','IR','IQ','IE','IL','IT','JM','JP','JO','KZ','KE','KR','XK','KW','KG','LA','LV','LB','LS','LR','LY','LT','LU','MK','MG','MW','MY','ML','MT','MR','MU','MX','MD','MN','ME','MA','MZ','MM','NA','NP','NL','NZ','NI','NE','NG','NO','OM','PK','PA','PG','PY','PE','PH','PL','PT','QA','RO','RU','RW','SA','SN','RS','SL','SG','SK','SI','ZA','ES','LK','SD','SR','SZ','SE','CH','SY','TJ','TZ','TH','TL','TG','TT','TN','TR','TM','UG','UA','AE','GB','US','UY','UZ',"
VE,5,update cmn_region set sub_continent_id=5 where id='VE';,"('AF','AL','DZ','AO','AR','AM','AU','AT','AZ','BH','BD','BY','BE','BJ','BT','BO','BA','BW','BR','BG','BF','BI','KH','CM','CA','CV','CF','TD','CL','CN','CO','KM','CG','CD','CR','CI','HR','CY','CZ','DK','DJ','DO','EC','EG','SV','GQ','EE','ET','FI','FR','GA','GM','GE','DE','GH','GR','GT','GN','GW','GY','HT','HN','HK','HU','IS','IN','ID','IR','IQ','IE','IL','IT','JM','JP','JO','KZ','KE','KR','XK','KW','KG','LA','LV','LB','LS','LR','LY','LT','LU','MK','MG','MW','MY','ML','MT','MR','MU','MX','MD','MN','ME','MA','MZ','MM','NA','NP','NL','NZ','NI','NE','NG','NO','OM','PK','PA','PG','PY','PE','PH','PL','PT','QA','RO','RU','RW','SA','SN','RS','SL','SG','SK','SI','ZA','ES','LK','SD','SR','SZ','SE','CH','SY','TJ','TZ','TH','TL','TG','TT','TN','TR','TM','UG','UA','AE','GB','US','UY','UZ','VE',"
VN,35,update cmn_region set sub_continent_id=35 where id='VN';,"('AF','AL','DZ','AO','AR','AM','AU','AT','AZ','BH','BD','BY','BE','BJ','BT','BO','BA','BW','BR','BG','BF','BI','KH','CM','CA','CV','CF','TD','CL','CN','CO','KM','CG','CD','CR','CI','HR','CY','CZ','DK','DJ','DO','EC','EG','SV','GQ','EE','ET','FI','FR','GA','GM','GE','DE','GH','GR','GT','GN','GW','GY','HT','HN','HK','HU','IS','IN','ID','IR','IQ','IE','IL','IT','JM','JP','JO','KZ','KE','KR','XK','KW','KG','LA','LV','LB','LS','LR','LY','LT','LU','MK','MG','MW','MY','ML','MT','MR','MU','MX','MD','MN','ME','MA','MZ','MM','NA','NP','NL','NZ','NI','NE','NG','NO','OM','PK','PA','PG','PY','PE','PH','PL','PT','QA','RO','RU','RW','SA','SN','RS','SL','SG','SK','SI','ZA','ES','LK','SD','SR','SZ','SE','CH','SY','TJ','TZ','TH','TL','TG','TT','TN','TR','TM','UG','UA','AE','GB','US','UY','UZ','VE','VN',"
YE,145,update cmn_region set sub_continent_id=145 where id='YE';,"('AF','AL','DZ','AO','AR','AM','AU','AT','AZ','BH','BD','BY','BE','BJ','BT','BO','BA','BW','BR','BG','BF','BI','KH','CM','CA','CV','CF','TD','CL','CN','CO','KM','CG','CD','CR','CI','HR','CY','CZ','DK','DJ','DO','EC','EG','SV','GQ','EE','ET','FI','FR','GA','GM','GE','DE','GH','GR','GT','GN','GW','GY','HT','HN','HK','HU','IS','IN','ID','IR','IQ','IE','IL','IT','JM','JP','JO','KZ','KE','KR','XK','KW','KG','LA','LV','LB','LS','LR','LY','LT','LU','MK','MG','MW','MY','ML','MT','MR','MU','MX','MD','MN','ME','MA','MZ','MM','NA','NP','NL','NZ','NI','NE','NG','NO','OM','PK','PA','PG','PY','PE','PH','PL','PT','QA','RO','RU','RW','SA','SN','RS','SL','SG','SK','SI','ZA','ES','LK','SD','SR','SZ','SE','CH','SY','TJ','TZ','TH','TL','TG','TT','TN','TR','TM','UG','UA','AE','GB','US','UY','UZ','VE','VN','YE',"
ZM,14,update cmn_region set sub_continent_id=14 where id='ZM';,"('AF','AL','DZ','AO','AR','AM','AU','AT','AZ','BH','BD','BY','BE','BJ','BT','BO','BA','BW','BR','BG','BF','BI','KH','CM','CA','CV','CF','TD','CL','CN','CO','KM','CG','CD','CR','CI','HR','CY','CZ','DK','DJ','DO','EC','EG','SV','GQ','EE','ET','FI','FR','GA','GM','GE','DE','GH','GR','GT','GN','GW','GY','HT','HN','HK','HU','IS','IN','ID','IR','IQ','IE','IL','IT','JM','JP','JO','KZ','KE','KR','XK','KW','KG','LA','LV','LB','LS','LR','LY','LT','LU','MK','MG','MW','MY','ML','MT','MR','MU','MX','MD','MN','ME','MA','MZ','MM','NA','NP','NL','NZ','NI','NE','NG','NO','OM','PK','PA','PG','PY','PE','PH','PL','PT','QA','RO','RU','RW','SA','SN','RS','SL','SG','SK','SI','ZA','ES','LK','SD','SR','SZ','SE','CH','SY','TJ','TZ','TH','TL','TG','TT','TN','TR','TM','UG','UA','AE','GB','US','UY','UZ','VE','VN','YE','ZM',"
ZW,14,update cmn_region set sub_continent_id=14 where id='ZW';,"('AF','AL','DZ','AO','AR','AM','AU','AT','AZ','BH','BD','BY','BE','BJ','BT','BO','BA','BW','BR','BG','BF','BI','KH','CM','CA','CV','CF','TD','CL','CN','CO','KM','CG','CD','CR','CI','HR','CY','CZ','DK','DJ','DO','EC','EG','SV','GQ','EE','ET','FI','FR','GA','GM','GE','DE','GH','GR','GT','GN','GW','GY','HT','HN','HK','HU','IS','IN','ID','IR','IQ','IE','IL','IT','JM','JP','JO','KZ','KE','KR','XK','KW','KG','LA','LV','LB','LS','LR','LY','LT','LU','MK','MG','MW','MY','ML','MT','MR','MU','MX','MD','MN','ME','MA','MZ','MM','NA','NP','NL','NZ','NI','NE','NG','NO','OM','PK','PA','PG','PY','PE','PH','PL','PT','QA','RO','RU','RW','SA','SN','RS','SL','SG','SK','SI','ZA','ES','LK','SD','SR','SZ','SE','CH','SY','TJ','TZ','TH','TL','TG','TT','TN','TR','TM','UG','UA','AE','GB','US','UY','UZ','VE','VN','YE','ZM','ZW',"
,,,
,,,
,,,
,,,
,,,"('AF','AL','DZ','AO','AR','AM','AU','AT','AZ','BH','BD','BY','BE','BJ','BT','BO','BA','BW','BR','BG','BF','BI','KH','CM','CA','CV','CF','TD','CL','CN','CO','KM','CG','CD','CR','CI','HR','CY','CZ','DK','DJ','DO','EC','EG','SV','GQ','EE','ET','FI','FR','GA','GM','GE','DE','GH','GR','GT','GN','GW','GY','HT','HN','HK','HU','IS','IN','ID','IR','IQ','IE','IL','IT','JM','JP','JO','KZ','KE','KR','XK','KW','KG','LA','LV','LB','LS','LR','LY','LT','LU','MK','MG','MW','MY','ML','MT','MR','MU','MX','MD','MN','ME','MA','MZ','MM','NA','NP','NL','NZ','NI','NE','NG','NO','OM','PK','PA','PG','PY','PE','PH','PL','PT','QA','RO','RU','RW','SA','SN','RS','SL','SG','SK','SI','ZA','ES','LK','SD','SR','SZ','SE','CH','SY','TJ','TZ','TH','TL','TG','TT','TN','TR','TM','UG','UA','AE','GB','US','UY','UZ','VE','VN','YE','ZM','ZW',"
